date_de_tirage;boule_1;boule_2;boule_3;boule_4;boule_5
24/12/2024;40;44;37;19;9
26/07/2024;26;2;45;18;47
24/12/2023;34;47;48;22;6
25/12/2022;26;17;35;40;20
24/12/2021;26;10;8;47;17
25/12/2020;15;48;33;30;35
25/12/2020;15;39;32;10;27
04/10/2008;33;32;42;16;15
04/10/2008;36;9;16;27;25
01/10/2008;41;16;14;18;10
01/10/2008;29;28;3;1;6
27/09/2008;24;47;39;42;45
27/09/2008;28;7;24;35;32
24/09/2008;2;33;34;28;8
24/09/2008;9;19;32;21;20
20/09/2008;24;40;13;9;47
20/09/2008;31;26;47;10;12
17/09/2008;31;49;9;30;29
17/09/2008;26;43;49;40;48
13/09/2008;11;36;34;14;35
13/09/2008;28;40;8;9;17
10/09/2008;7;24;6;12;2
10/09/2008;38;36;19;5;39
06/09/2008;20;34;49;21;46
06/09/2008;22;40;12;46;29
03/09/2008;29;12;27;4;2
03/09/2008;28;15;26;42;14
30/08/2008;6;32;23;19;47
30/08/2008;47;21;5;20;37
27/08/2008;49;34;21;19;32
27/08/2008;39;25;8;7;43
23/08/2008;12;40;43;8;31
23/08/2008;37;39;3;7;26
20/08/2008;15;17;26;32;12
20/08/2008;5;44;10;41;11
16/08/2008;5;25;34;12;20
16/08/2008;42;21;41;29;24
13/08/2008;41;43;25;23;4
13/08/2008;23;49;29;11;38
09/08/2008;19;29;25;24;6
09/08/2008;24;48;47;6;2
06/08/2008;16;40;46;39;43
06/08/2008;13;26;35;30;47
02/08/2008;11;9;27;18;46
02/08/2008;34;32;15;16;17
30/07/2008;44;7;48;32;40
30/07/2008;32;33;7;35;36
26/07/2008;45;20;48;44;31
26/07/2008;41;13;27;18;42
23/07/2008;29;4;35;23;17
23/07/2008;16;48;6;22;5
19/07/2008;3;47;10;25;40
19/07/2008;41;1;11;46;19
16/07/2008;23;29;34;47;21
16/07/2008;47;17;10;1;16
12/07/2008;6;9;7;43;8
12/07/2008;26;27;4;18;20
09/07/2008;45;34;39;21;13
09/07/2008;46;25;36;4;16
05/07/2008;35;36;44;39;13
05/07/2008;18;26;17;23;12
02/07/2008;34;26;3;17;4
02/07/2008;43;33;38;14;27
28/06/2008;44;7;16;29;26
28/06/2008;30;18;17;7;22
25/06/2008;5;27;44;3;35
25/06/2008;12;36;2;1;30
21/06/2008;30;19;2;10;22
21/06/2008;29;14;41;17;28
18/06/2008;46;1;39;11;32
18/06/2008;49;29;21;11;48
14/06/2008;1;27;11;24;20
14/06/2008;24;39;1;16;35
11/06/2008;22;47;45;26;35
11/06/2008;6;7;35;46;45
07/06/2008;30;3;1;33;9
07/06/2008;20;15;40;13;2
04/06/2008;46;15;11;40;8
04/06/2008;39;27;30;19;13
31/05/2008;43;19;48;1;3
31/05/2008;23;2;46;42;32
28/05/2008;24;12;17;46;14
28/05/2008;14;18;29;30;32
24/05/2008;33;48;32;5;16
24/05/2008;32;8;39;7;1
21/05/2008;14;17;33;1;7
21/05/2008;5;34;17;35;13
17/05/2008;20;35;28;13;1
17/05/2008;10;37;25;4;36
14/05/2008;12;13;5;17;31
14/05/2008;39;14;18;16;10
10/05/2008;47;20;40;21;7
10/05/2008;17;42;14;23;15
07/05/2008;21;35;14;24;12
07/05/2008;45;43;37;25;47
03/05/2008;41;18;16;4;34
03/05/2008;41;13;16;48;14
30/04/2008;49;31;27;40;38
30/04/2008;42;16;29;13;35
26/04/2008;34;49;37;14;3
26/04/2008;15;28;27;11;37
23/04/2008;14;36;3;17;25
23/04/2008;23;33;3;45;39
19/04/2008;10;2;8;21;15
19/04/2008;10;49;26;11;34
16/04/2008;41;2;44;5;47
16/04/2008;37;13;31;48;25
12/04/2008;45;17;18;8;24
12/04/2008;44;49;27;48;24
09/04/2008;32;14;9;5;48
09/04/2008;8;41;19;37;3
05/04/2008;21;27;6;47;30
05/04/2008;10;2;32;44;20
02/04/2008;14;43;27;46;42
02/04/2008;7;28;41;9;2
29/03/2008;36;19;4;21;18
29/03/2008;7;3;10;11;38
26/03/2008;4;46;34;5;18
26/03/2008;49;6;21;10;17
22/03/2008;11;35;38;28;44
22/03/2008;43;8;31;9;10
19/03/2008;20;34;37;25;1
19/03/2008;36;6;33;26;42
15/03/2008;44;5;6;22;30
15/03/2008;17;38;23;45;9
12/03/2008;19;1;31;22;39
12/03/2008;32;44;8;24;14
08/03/2008;24;36;11;3;42
08/03/2008;18;11;12;43;10
05/03/2008;41;30;28;46;42
05/03/2008;1;37;9;12;11
01/03/2008;2;32;40;33;34
01/03/2008;23;16;44;38;4
27/02/2008;3;40;12;37;46
27/02/2008;23;37;39;41;21
23/02/2008;22;41;17;30;3
23/02/2008;26;3;8;46;19
20/02/2008;13;30;14;10;19
20/02/2008;40;39;31;20;29
16/02/2008;49;35;27;8;39
16/02/2008;5;41;47;33;46
13/02/2008;7;32;31;42;23
13/02/2008;13;15;6;29;33
09/02/2008;37;40;14;8;18
09/02/2008;38;45;13;27;12
06/02/2008;2;47;3;17;44
06/02/2008;8;22;46;2;10
02/02/2008;39;26;19;5;6
02/02/2008;31;15;32;5;30
30/01/2008;19;8;35;4;34
30/01/2008;3;33;38;9;48
26/01/2008;33;31;38;45;47
26/01/2008;42;46;22;20;48
23/01/2008;38;25;45;44;31
23/01/2008;28;24;10;7;25
19/01/2008;15;24;44;34;16
19/01/2008;34;17;24;39;37
16/01/2008;2;41;33;14;34
16/01/2008;38;31;1;14;26
12/01/2008;34;26;39;35;37
12/01/2008;5;21;24;36;19
09/01/2008;26;9;39;33;44
09/01/2008;16;3;11;29;5
05/01/2008;20;7;40;16;47
05/01/2008;3;25;46;11;5
02/01/2008;29;7;37;5;31
02/01/2008;6;3;19;8;37
29/12/2007;27;10;13;8;41
29/12/2007;32;48;31;26;25
26/12/2007;9;8;16;11;40
26/12/2007;41;39;27;14;35
22/12/2007;17;33;43;32;28
22/12/2007;31;14;25;15;11
19/12/2007;20;27;14;1;15
19/12/2007;45;19;48;3;30
15/12/2007;46;42;37;31;7
15/12/2007;21;47;15;4;40
12/12/2007;45;28;22;15;21
12/12/2007;17;10;38;44;4
08/12/2007;44;14;25;3;15
08/12/2007;43;19;3;2;42
05/12/2007;28;24;20;46;49
05/12/2007;39;25;37;33;32
01/12/2007;2;20;15;4;39
01/12/2007;34;30;23;19;48
28/11/2007;35;16;34;2;29
28/11/2007;36;17;30;23;42
24/11/2007;44;29;17;26;27
24/11/2007;19;29;16;48;9
21/11/2007;8;33;22;43;17
21/11/2007;20;32;6;38;27
17/11/2007;22;33;8;31;34
17/11/2007;23;11;1;16;40
14/11/2007;43;18;34;16;17
14/11/2007;7;44;41;39;32
10/11/2007;46;25;11;33;48
10/11/2007;30;31;41;42;19
07/11/2007;9;28;44;40;42
07/11/2007;45;40;42;21;8
03/11/2007;11;41;6;20;39
03/11/2007;4;33;3;45;28
31/10/2007;16;46;24;19;23
31/10/2007;39;40;19;30;7
27/10/2007;39;21;26;48;28
27/10/2007;25;28;8;42;37
24/10/2007;36;38;29;21;3
24/10/2007;27;33;6;36;17
20/10/2007;31;6;48;15;4
20/10/2007;5;39;37;34;9
17/10/2007;2;47;28;40;13
17/10/2007;45;38;14;19;9
13/10/2007;25;23;11;49;3
13/10/2007;30;47;39;11;40
10/10/2007;21;25;2;4;46
10/10/2007;15;24;34;42;40
06/10/2007;38;8;5;39;1
06/10/2007;31;36;28;40;14
03/10/2007;42;18;40;30;21
03/10/2007;2;6;30;5;15
29/09/2007;23;25;30;6;24
29/09/2007;1;34;29;49;33
26/09/2007;18;4;5;11;48
26/09/2007;8;16;31;10;34
22/09/2007;38;1;25;49;2
22/09/2007;24;36;27;31;8
19/09/2007;10;8;41;39;46
19/09/2007;8;10;28;20;33
15/09/2007;18;15;23;25;41
15/09/2007;47;21;30;10;28
12/09/2007;7;41;21;39;2
12/09/2007;45;49;23;48;6
08/09/2007;4;5;19;1;17
08/09/2007;26;40;28;12;43
05/09/2007;38;10;5;12;35
05/09/2007;31;12;43;49;18
01/09/2007;46;37;16;48;9
01/09/2007;45;27;39;31;18
29/08/2007;17;3;14;36;11
29/08/2007;39;14;32;19;20
25/08/2007;44;37;45;16;3
25/08/2007;22;13;12;19;8
22/08/2007;7;14;34;40;36
22/08/2007;14;13;48;29;30
18/08/2007;39;35;13;48;8
18/08/2007;29;31;30;17;10
15/08/2007;7;32;38;30;36
15/08/2007;9;32;44;8;33
11/08/2007;18;35;36;38;13
11/08/2007;12;25;46;23;38
08/08/2007;47;13;35;41;19
08/08/2007;21;13;46;45;32
04/08/2007;8;34;32;36;46
04/08/2007;32;20;26;40;49
01/08/2007;41;24;29;6;33
01/08/2007;24;2;41;38;42
28/07/2007;39;20;48;8;33
28/07/2007;22;40;36;3;20
25/07/2007;8;30;33;47;6
25/07/2007;21;31;6;12;17
21/07/2007;3;22;15;4;33
21/07/2007;31;27;13;29;34
18/07/2007;12;14;38;17;28
18/07/2007;21;6;31;1;13
14/07/2007;23;26;16;25;33
14/07/2007;10;39;4;20;24
11/07/2007;23;46;15;2;20
11/07/2007;35;2;23;21;3
07/07/2007;17;4;24;21;27
07/07/2007;36;14;22;2;35
04/07/2007;8;24;38;20;34
04/07/2007;45;44;36;33;20
30/06/2007;6;28;33;29;43
30/06/2007;35;29;11;9;24
27/06/2007;8;37;34;20;39
27/06/2007;42;6;29;13;12
23/06/2007;47;15;37;5;11
23/06/2007;43;13;28;7;45
20/06/2007;12;33;45;14;15
20/06/2007;14;10;2;42;5
16/06/2007;20;40;38;31;37
16/06/2007;32;40;26;12;3
13/06/2007;15;40;3;41;34
13/06/2007;8;3;13;40;22
09/06/2007;17;3;10;46;35
09/06/2007;28;4;26;22;35
06/06/2007;31;9;33;29;46
06/06/2007;35;41;16;22;47
02/06/2007;14;27;49;24;47
02/06/2007;17;15;27;48;28
30/05/2007;25;39;49;23;11
30/05/2007;9;32;10;22;15
26/05/2007;30;43;6;34;46
26/05/2007;2;29;16;22;21
23/05/2007;36;27;1;5;8
23/05/2007;47;3;15;40;7
19/05/2007;10;46;34;21;35
19/05/2007;9;2;48;43;41
16/05/2007;22;49;19;4;41
16/05/2007;8;32;47;36;30
12/05/2007;26;3;39;38;2
12/05/2007;35;12;39;31;26
09/05/2007;8;27;36;12;49
09/05/2007;3;16;21;22;35
05/05/2007;21;4;20;1;48
05/05/2007;27;2;40;3;36
02/05/2007;6;15;48;19;32
02/05/2007;1;15;3;31;19
28/04/2007;13;47;4;26;23
28/04/2007;42;25;37;28;46
25/04/2007;14;19;2;3;40
25/04/2007;8;16;27;29;18
21/04/2007;10;25;48;3;33
21/04/2007;41;49;10;44;15
18/04/2007;39;38;44;9;11
18/04/2007;26;12;5;21;8
14/04/2007;36;2;26;7;17
14/04/2007;49;23;44;36;7
11/04/2007;44;8;33;36;34
11/04/2007;37;28;20;7;47
07/04/2007;42;20;28;10;24
07/04/2007;46;39;17;13;9
04/04/2007;20;33;5;35;26
04/04/2007;26;7;41;44;5
31/03/2007;16;4;30;11;24
31/03/2007;17;46;36;3;21
28/03/2007;36;25;18;19;21
28/03/2007;34;39;46;19;44
24/03/2007;34;17;45;36;42
24/03/2007;15;3;10;30;17
21/03/2007;9;39;38;48;12
21/03/2007;23;46;15;34;20
17/03/2007;6;48;41;10;34
17/03/2007;32;44;48;9;27
14/03/2007;31;29;33;35;12
14/03/2007;2;17;8;27;26
10/03/2007;10;46;12;21;8
10/03/2007;10;42;24;28;15
07/03/2007;14;8;35;33;38
07/03/2007;36;35;14;49;38
03/03/2007;36;10;4;9;19
03/03/2007;27;37;42;26;38
28/02/2007;18;12;49;20;25
28/02/2007;11;6;24;36;25
24/02/2007;23;34;13;38;30
24/02/2007;23;27;14;36;35
21/02/2007;16;41;24;5;26
21/02/2007;17;4;26;46;23
17/02/2007;10;46;35;9;40
17/02/2007;2;22;29;21;3
14/02/2007;38;1;15;26;28
14/02/2007;19;43;4;30;42
10/02/2007;46;2;29;10;20
10/02/2007;11;15;8;41;49
07/02/2007;34;40;37;5;30
07/02/2007;27;32;24;13;44
03/02/2007;10;11;44;40;45
03/02/2007;31;33;44;34;46
31/01/2007;31;47;10;42;26
31/01/2007;27;20;12;5;43
27/01/2007;38;19;30;24;42
27/01/2007;47;29;11;44;42
24/01/2007;21;42;49;26;13
24/01/2007;40;5;37;13;32
20/01/2007;19;49;43;47;42
20/01/2007;19;46;16;11;10
17/01/2007;39;43;22;30;6
17/01/2007;26;44;25;33;12
13/01/2007;6;20;5;17;39
13/01/2007;16;47;35;21;22
10/01/2007;42;45;34;7;24
10/01/2007;38;49;37;36;32
06/01/2007;7;1;38;34;27
06/01/2007;20;4;21;48;40
03/01/2007;39;33;49;1;45
03/01/2007;46;20;29;41;49
30/12/2006;23;1;36;32;28
30/12/2006;26;6;23;20;33
27/12/2006;26;20;17;7;47
27/12/2006;14;46;3;35;2
23/12/2006;39;11;3;8;6
23/12/2006;48;2;37;36;33
20/12/2006;29;49;9;44;25
20/12/2006;5;24;45;32;20
16/12/2006;10;17;32;48;37
16/12/2006;48;20;10;13;43
13/12/2006;39;29;31;6;10
13/12/2006;42;49;32;4;37
09/12/2006;39;20;30;12;33
09/12/2006;40;30;15;47;5
06/12/2006;15;41;8;40;36
06/12/2006;31;44;35;19;9
02/12/2006;4;35;17;14;20
02/12/2006;19;16;22;29;30
29/11/2006;5;7;10;36;49
29/11/2006;21;46;23;44;10
25/11/2006;17;14;43;5;31
25/11/2006;4;39;21;2;13
22/11/2006;25;28;24;27;45
22/11/2006;33;8;45;34;41
18/11/2006;26;27;2;38;16
18/11/2006;43;22;17;32;1
15/11/2006;19;44;22;48;8
15/11/2006;37;25;16;17;45
11/11/2006;17;47;10;25;13
11/11/2006;24;9;11;26;2
08/11/2006;38;43;2;36;25
08/11/2006;1;48;28;12;11
04/11/2006;27;4;48;46;23
04/11/2006;7;14;25;43;39
01/11/2006;42;47;3;30;15
01/11/2006;6;36;16;21;33
28/10/2006;33;25;30;40;10
28/10/2006;13;25;10;18;20
25/10/2006;45;39;18;38;16
25/10/2006;12;38;18;27;43
21/10/2006;2;18;40;14;27
21/10/2006;9;16;26;3;40
18/10/2006;44;8;32;41;43
18/10/2006;37;10;21;17;22
14/10/2006;33;8;18;3;30
14/10/2006;26;3;35;14;46
11/10/2006;31;6;7;45;15
11/10/2006;7;45;37;20;16
07/10/2006;2;48;26;7;4
07/10/2006;2;5;38;32;21
04/10/2006;33;34;48;8;14
04/10/2006;11;47;3;28;14
30/09/2006;17;30;24;5;35
30/09/2006;2;35;8;49;44
27/09/2006;46;4;36;25;31
27/09/2006;26;33;9;8;23
23/09/2006;31;23;29;40;15
23/09/2006;22;48;44;25;47
20/09/2006;30;4;8;15;49
20/09/2006;30;29;11;21;44
16/09/2006;40;32;17;15;34
16/09/2006;18;12;31;26;37
13/09/2006;11;49;15;4;41
13/09/2006;5;44;8;31;22
09/09/2006;49;20;13;46;4
09/09/2006;26;15;39;12;48
06/09/2006;45;47;15;12;22
06/09/2006;23;10;22;28;5
02/09/2006;2;27;49;25;3
02/09/2006;11;4;21;49;34
30/08/2006;3;24;6;36;2
30/08/2006;27;43;35;13;11
26/08/2006;34;41;9;44;48
26/08/2006;11;30;45;36;25
23/08/2006;28;25;33;11;12
23/08/2006;21;46;10;38;36
19/08/2006;13;22;42;11;40
19/08/2006;15;22;32;49;41
16/08/2006;46;26;8;23;38
16/08/2006;30;3;15;33;13
12/08/2006;4;20;27;16;9
12/08/2006;43;4;14;26;16
09/08/2006;31;12;7;24;43
09/08/2006;19;49;27;3;39
05/08/2006;36;46;32;41;43
05/08/2006;2;30;37;22;14
02/08/2006;43;46;30;36;13
02/08/2006;49;9;41;24;36
29/07/2006;39;1;26;27;21
29/07/2006;15;34;35;4;44
26/07/2006;15;33;34;30;42
26/07/2006;3;20;45;8;27
22/07/2006;44;43;13;18;45
22/07/2006;40;21;28;41;27
19/07/2006;31;14;35;24;44
19/07/2006;32;23;12;16;36
15/07/2006;16;49;22;27;19
15/07/2006;35;37;16;33;14
12/07/2006;15;10;26;41;34
12/07/2006;1;31;22;7;21
08/07/2006;35;44;38;43;6
08/07/2006;18;39;4;15;1
05/07/2006;37;39;28;5;46
05/07/2006;25;19;33;2;17
01/07/2006;38;44;2;29;7
01/07/2006;3;17;47;4;44
28/06/2006;8;43;20;19;1
28/06/2006;43;22;5;2;19
24/06/2006;13;8;32;3;36
24/06/2006;34;10;3;15;5
21/06/2006;16;11;23;3;8
21/06/2006;17;10;44;5;42
17/06/2006;46;18;12;40;21
17/06/2006;38;41;13;9;10
14/06/2006;45;17;9;36;10
14/06/2006;42;20;30;28;41
10/06/2006;28;24;35;19;44
10/06/2006;10;29;25;35;1
07/06/2006;8;10;4;26;9
07/06/2006;34;9;14;30;25
03/06/2006;48;1;47;36;2
03/06/2006;39;10;36;41;16
31/05/2006;23;31;11;44;5
31/05/2006;16;25;1;3;7
27/05/2006;1;25;14;38;24
27/05/2006;5;31;28;16;35
24/05/2006;26;1;15;47;23
24/05/2006;7;4;12;25;20
20/05/2006;32;8;7;26;19
20/05/2006;30;40;32;46;44
17/05/2006;31;21;37;29;15
17/05/2006;44;13;30;24;11
13/05/2006;17;47;34;35;16
13/05/2006;41;14;10;47;16
10/05/2006;4;37;38;48;41
10/05/2006;38;22;4;47;30
06/05/2006;17;1;46;5;25
06/05/2006;34;18;48;38;46
03/05/2006;3;4;13;15;11
03/05/2006;30;8;37;9;24
29/04/2006;42;35;43;21;18
29/04/2006;36;22;41;9;35
26/04/2006;30;29;23;45;11
26/04/2006;16;2;48;27;36
22/04/2006;23;5;17;30;28
22/04/2006;32;30;39;10;11
19/04/2006;11;20;28;9;35
19/04/2006;48;20;36;11;37
15/04/2006;48;27;13;18;31
15/04/2006;24;9;34;26;40
12/04/2006;20;31;6;4;39
12/04/2006;45;11;18;47;26
08/04/2006;3;41;29;13;44
08/04/2006;42;41;39;13;21
05/04/2006;8;15;48;40;30
05/04/2006;10;46;30;29;44
01/04/2006;28;21;24;40;30
01/04/2006;49;12;6;46;5
29/03/2006;43;45;12;29;46
29/03/2006;5;20;33;9;13
25/03/2006;26;17;32;33;44
25/03/2006;29;45;10;15;16
22/03/2006;18;4;47;35;9
22/03/2006;28;49;14;36;12
18/03/2006;8;19;27;47;31
18/03/2006;25;19;32;30;21
15/03/2006;21;40;48;15;18
15/03/2006;41;25;34;30;45
11/03/2006;13;6;43;18;27
11/03/2006;4;21;44;6;43
08/03/2006;3;31;15;9;34
08/03/2006;15;49;1;8;23
04/03/2006;4;18;1;14;23
04/03/2006;15;13;28;5;14
01/03/2006;45;32;34;26;31
01/03/2006;32;34;49;46;19
25/02/2006;22;41;25;33;38
25/02/2006;43;6;1;14;15
22/02/2006;34;36;46;39;10
22/02/2006;14;30;5;45;22
18/02/2006;39;5;15;3;34
18/02/2006;47;36;4;39;24
15/02/2006;1;44;18;30;39
15/02/2006;42;35;20;28;4
11/02/2006;35;27;43;3;30
11/02/2006;47;48;11;37;33
08/02/2006;2;36;16;17;24
08/02/2006;41;49;16;43;35
04/02/2006;47;44;30;23;2
04/02/2006;39;22;43;2;26
01/02/2006;11;29;44;14;21
01/02/2006;30;45;28;49;6
28/01/2006;4;33;40;5;10
28/01/2006;9;3;11;35;13
25/01/2006;36;24;16;10;23
25/01/2006;33;42;49;45;3
21/01/2006;38;47;44;48;3
21/01/2006;42;15;20;48;46
18/01/2006;45;37;32;9;40
18/01/2006;28;38;19;36;1
14/01/2006;40;24;39;12;36
14/01/2006;42;47;36;45;34
11/01/2006;7;2;26;24;32
11/01/2006;27;31;28;38;16
07/01/2006;33;27;8;30;7
07/01/2006;22;47;44;33;46
04/01/2006;49;5;36;16;14
04/01/2006;15;42;27;44;35
31/12/2005;42;37;33;24;36
31/12/2005;31;49;48;26;36
28/12/2005;13;22;3;21;11
28/12/2005;17;40;5;31;43
24/12/2005;14;40;25;13;49
24/12/2005;33;5;48;27;12
21/12/2005;22;29;34;28;48
21/12/2005;40;7;6;32;10
17/12/2005;13;29;23;2;8
17/12/2005;8;31;25;34;39
14/12/2005;10;14;23;22;42
14/12/2005;7;36;12;10;8
10/12/2005;3;7;2;28;37
10/12/2005;7;34;26;17;2
07/12/2005;11;37;28;16;46
07/12/2005;27;9;20;7;5
03/12/2005;32;46;30;43;44
03/12/2005;19;40;8;26;25
30/11/2005;41;11;49;48;10
30/11/2005;38;32;34;23;25
26/11/2005;8;3;49;48;29
26/11/2005;48;5;39;21;35
23/11/2005;19;34;16;37;41
23/11/2005;47;20;8;28;21
19/11/2005;34;9;4;6;24
19/11/2005;25;11;12;44;13
16/11/2005;4;1;16;36;19
16/11/2005;13;31;23;42;26
12/11/2005;47;3;14;21;6
12/11/2005;1;13;45;29;20
09/11/2005;45;49;43;4;39
09/11/2005;2;5;42;49;3
05/11/2005;20;43;21;7;13
05/11/2005;4;42;25;17;26
02/11/2005;43;38;17;19;14
02/11/2005;43;20;40;16;26
29/10/2005;31;13;23;24;8
29/10/2005;33;9;43;8;4
26/10/2005;37;38;29;33;9
26/10/2005;32;49;21;14;1
22/10/2005;4;34;20;38;11
22/10/2005;44;15;27;7;28
19/10/2005;37;38;24;20;32
19/10/2005;34;22;25;45;18
15/10/2005;16;45;2;31;38
15/10/2005;25;20;23;21;39
12/10/2005;20;18;8;27;16
12/10/2005;1;6;27;26;34
08/10/2005;48;30;34;13;45
08/10/2005;37;21;29;40;11
05/10/2005;20;3;29;18;5
05/10/2005;39;1;25;19;6
01/10/2005;20;24;47;22;25
01/10/2005;2;37;39;23;40
28/09/2005;33;42;36;18;16
28/09/2005;3;27;5;8;10
24/09/2005;15;17;24;4;25
24/09/2005;21;41;4;10;42
21/09/2005;9;26;14;31;46
21/09/2005;1;23;13;16;5
17/09/2005;16;20;10;45;26
17/09/2005;29;20;6;21;11
14/09/2005;39;46;16;5;1
14/09/2005;17;49;5;1;31
10/09/2005;4;2;8;11;5
10/09/2005;11;3;26;35;42
07/09/2005;12;20;37;29;33
07/09/2005;8;12;46;18;44
03/09/2005;19;9;29;36;43
03/09/2005;1;22;24;25;12
31/08/2005;11;29;18;48;10
31/08/2005;47;15;40;43;33
27/08/2005;14;7;28;8;19
27/08/2005;30;33;15;29;44
24/08/2005;31;10;41;35;38
24/08/2005;23;29;43;11;49
20/08/2005;7;20;35;47;5
20/08/2005;24;4;22;16;2
17/08/2005;24;42;28;35;9
17/08/2005;28;39;35;12;13
13/08/2005;16;19;12;8;21
13/08/2005;28;4;1;13;30
10/08/2005;18;44;5;25;28
10/08/2005;29;17;3;20;16
06/08/2005;19;1;47;32;24
06/08/2005;4;13;12;49;42
03/08/2005;9;20;49;4;32
03/08/2005;6;42;2;20;29
30/07/2005;33;24;32;31;7
30/07/2005;9;18;11;19;47
27/07/2005;29;45;5;28;6
27/07/2005;4;28;26;23;16
23/07/2005;8;45;44;21;25
23/07/2005;13;27;5;32;29
20/07/2005;14;10;48;38;7
20/07/2005;38;2;13;39;40
16/07/2005;39;27;43;29;35
16/07/2005;7;12;31;26;1
13/07/2005;22;29;30;49;20
13/07/2005;40;44;49;7;32
09/07/2005;34;9;5;4;18
09/07/2005;37;30;5;2;24
06/07/2005;47;44;40;1;25
06/07/2005;13;46;17;29;49
02/07/2005;41;34;46;17;22
02/07/2005;12;20;17;33;23
29/06/2005;24;39;31;14;16
29/06/2005;24;37;43;9;14
25/06/2005;20;8;29;12;7
25/06/2005;15;21;29;16;3
22/06/2005;28;46;48;14;9
22/06/2005;43;11;40;17;29
18/06/2005;41;11;38;19;1
18/06/2005;30;49;34;10;42
15/06/2005;42;45;17;33;23
15/06/2005;2;22;37;36;9
11/06/2005;48;27;10;17;41
11/06/2005;30;33;35;34;43
08/06/2005;10;22;35;41;39
08/06/2005;41;26;6;5;13
04/06/2005;3;32;4;17;37
04/06/2005;10;19;23;14;48
01/06/2005;16;23;48;38;41
01/06/2005;15;34;30;39;8
28/05/2005;11;39;1;14;36
28/05/2005;19;17;10;16;46
25/05/2005;8;6;14;12;22
25/05/2005;15;5;22;3;8
21/05/2005;5;41;12;29;2
21/05/2005;11;37;16;34;13
18/05/2005;44;47;3;41;13
18/05/2005;27;4;8;18;29
14/05/2005;11;13;41;7;25
14/05/2005;8;1;37;36;2
11/05/2005;16;38;41;11;7
11/05/2005;17;27;35;36;7
07/05/2005;32;7;3;16;29
07/05/2005;14;16;33;24;40
04/05/2005;45;9;46;27;36
04/05/2005;10;18;29;37;24
30/04/2005;36;32;9;22;39
30/04/2005;2;41;6;36;12
27/04/2005;3;38;36;5;23
27/04/2005;23;26;5;32;14
23/04/2005;24;15;11;27;14
23/04/2005;23;4;5;21;11
20/04/2005;25;45;15;37;18
20/04/2005;44;37;4;19;1
16/04/2005;27;37;17;46;45
16/04/2005;47;3;16;15;36
13/04/2005;34;42;41;38;40
13/04/2005;13;6;19;20;3
09/04/2005;26;36;45;37;18
09/04/2005;9;14;27;2;36
06/04/2005;5;20;4;35;46
06/04/2005;47;45;40;36;25
02/04/2005;3;27;1;21;13
02/04/2005;31;2;21;18;42
30/03/2005;19;5;41;23;43
30/03/2005;24;35;22;31;10
26/03/2005;31;47;49;2;15
26/03/2005;45;41;40;32;9
23/03/2005;35;27;42;9;8
23/03/2005;34;40;49;38;45
19/03/2005;6;30;38;20;21
19/03/2005;37;28;11;8;5
16/03/2005;40;14;47;35;32
16/03/2005;8;12;17;26;5
12/03/2005;27;42;16;48;39
12/03/2005;26;25;11;16;6
09/03/2005;17;39;32;12;42
09/03/2005;34;31;45;42;33
05/03/2005;10;8;40;44;48
05/03/2005;24;25;9;47;43
02/03/2005;39;42;16;26;46
02/03/2005;4;34;8;21;30
26/02/2005;3;25;15;34;27
26/02/2005;47;29;48;1;27
23/02/2005;35;40;15;14;33
23/02/2005;23;36;28;16;22
19/02/2005;27;26;23;7;38
19/02/2005;19;12;47;1;11
16/02/2005;4;1;31;8;6
16/02/2005;24;48;8;38;30
12/02/2005;14;3;26;9;23
12/02/2005;4;31;20;36;7
09/02/2005;38;46;33;8;1
09/02/2005;49;23;33;44;26
05/02/2005;35;41;23;5;22
05/02/2005;27;13;49;18;44
02/02/2005;41;34;18;48;6
02/02/2005;4;35;45;13;15
29/01/2005;4;43;40;29;38
29/01/2005;33;21;19;13;1
26/01/2005;4;16;11;33;41
26/01/2005;19;8;36;24;28
22/01/2005;36;35;15;24;19
22/01/2005;26;18;23;40;31
19/01/2005;39;7;41;26;16
19/01/2005;35;25;1;11;41
15/01/2005;28;46;42;39;31
15/01/2005;16;11;19;6;4
12/01/2005;2;47;39;27;37
12/01/2005;27;39;1;35;14
08/01/2005;37;23;35;40;48
08/01/2005;9;13;14;28;7
05/01/2005;46;18;25;13;45
05/01/2005;49;33;36;43;25
01/01/2005;3;6;31;39;44
01/01/2005;46;32;34;31;30
29/12/2004;37;40;22;9;42
29/12/2004;33;32;25;11;43
25/12/2004;8;41;20;38;24
25/12/2004;42;32;20;10;41
22/12/2004;15;30;45;46;18
22/12/2004;16;22;33;8;2
18/12/2004;25;40;39;44;33
18/12/2004;44;27;24;10;45
15/12/2004;4;13;9;30;19
15/12/2004;15;1;29;34;38
11/12/2004;47;32;15;21;33
11/12/2004;35;26;7;38;39
08/12/2004;17;21;12;49;38
08/12/2004;41;15;20;43;48
04/12/2004;17;42;19;23;43
04/12/2004;25;45;13;7;10
01/12/2004;2;21;45;29;43
01/12/2004;32;35;29;27;21
27/11/2004;34;33;26;15;24
27/11/2004;35;5;38;25;6
24/11/2004;20;11;7;9;40
24/11/2004;2;44;35;49;4
20/11/2004;45;47;2;24;35
20/11/2004;9;27;3;30;47
17/11/2004;43;4;25;24;26
17/11/2004;7;41;27;8;15
13/11/2004;8;48;6;9;47
13/11/2004;40;28;48;45;1
10/11/2004;14;28;30;46;40
10/11/2004;14;12;30;17;48
06/11/2004;14;47;26;4;39
06/11/2004;38;4;16;7;21
03/11/2004;25;30;31;44;41
03/11/2004;5;44;34;42;15
30/10/2004;45;25;48;49;4
30/10/2004;9;19;8;30;14
27/10/2004;26;6;35;2;1
27/10/2004;45;23;2;38;27
23/10/2004;36;26;47;48;3
23/10/2004;6;37;34;45;14
20/10/2004;1;12;7;35;23
20/10/2004;29;6;5;38;14
16/10/2004;6;16;47;15;20
16/10/2004;21;34;2;44;13
13/10/2004;35;2;33;48;30
13/10/2004;29;10;46;18;14
09/10/2004;14;26;28;4;9
09/10/2004;22;26;5;7;11
06/10/2004;19;1;10;48;18
06/10/2004;34;43;6;37;26
02/10/2004;11;6;10;47;22
02/10/2004;1;42;47;29;18
29/09/2004;47;27;19;40;44
29/09/2004;24;1;17;39;26
25/09/2004;37;20;39;36;28
25/09/2004;41;49;19;15;8
22/09/2004;37;11;21;10;35
22/09/2004;5;25;20;27;26
18/09/2004;46;11;40;10;42
18/09/2004;26;1;25;9;3
15/09/2004;46;48;1;41;49
15/09/2004;28;6;38;31;17
11/09/2004;26;13;27;18;10
11/09/2004;36;37;34;47;5
08/09/2004;15;22;41;10;11
08/09/2004;39;15;47;38;37
04/09/2004;37;3;24;38;19
04/09/2004;22;48;14;7;9
01/09/2004;20;32;28;4;3
01/09/2004;34;36;47;14;9
28/08/2004;2;3;1;39;41
28/08/2004;20;23;4;14;25
25/08/2004;30;15;25;46;35
25/08/2004;37;25;16;3;14
21/08/2004;39;23;24;29;45
21/08/2004;13;31;14;39;16
18/08/2004;30;22;6;34;40
18/08/2004;31;41;46;35;25
14/08/2004;30;31;36;2;9
14/08/2004;8;49;45;10;25
11/08/2004;19;35;29;16;25
11/08/2004;35;6;5;10;30
07/08/2004;21;22;43;37;19
07/08/2004;30;43;39;26;24
04/08/2004;42;35;1;7;49
04/08/2004;26;22;43;1;49
31/07/2004;38;42;2;12;37
31/07/2004;19;3;37;47;34
28/07/2004;32;9;22;14;24
28/07/2004;35;23;45;40;2
24/07/2004;34;1;11;4;10
24/07/2004;22;31;6;1;20
21/07/2004;17;46;19;40;35
21/07/2004;34;19;29;36;45
17/07/2004;32;11;47;35;36
17/07/2004;26;11;18;13;31
14/07/2004;10;29;32;25;26
14/07/2004;14;34;5;12;29
10/07/2004;44;33;15;5;27
10/07/2004;29;6;33;36;12
07/07/2004;29;38;10;12;45
07/07/2004;46;8;6;32;36
03/07/2004;2;45;44;9;15
03/07/2004;33;43;30;45;12
30/06/2004;1;16;38;42;29
30/06/2004;4;44;47;22;20
26/06/2004;37;38;33;7;27
26/06/2004;1;46;22;9;39
23/06/2004;5;40;2;3;7
23/06/2004;13;9;10;4;15
19/06/2004;20;21;40;28;19
19/06/2004;41;27;44;46;12
16/06/2004;43;31;6;15;11
16/06/2004;16;41;21;34;13
12/06/2004;21;39;19;10;17
12/06/2004;4;6;43;46;45
09/06/2004;3;21;35;41;43
09/06/2004;31;18;23;32;9
05/06/2004;46;41;38;47;43
05/06/2004;43;24;20;35;38
02/06/2004;7;47;14;45;8
02/06/2004;41;34;8;7;42
29/05/2004;23;9;44;17;5
29/05/2004;10;20;43;26;46
26/05/2004;38;14;2;34;22
26/05/2004;36;13;8;15;34
22/05/2004;26;39;7;19;8
22/05/2004;9;23;20;11;27
19/05/2004;48;35;42;14;36
19/05/2004;47;2;43;12;22
15/05/2004;17;30;27;14;16
15/05/2004;21;29;25;20;39
12/05/2004;26;16;24;31;38
12/05/2004;5;27;30;45;44
08/05/2004;18;12;23;36;44
08/05/2004;13;16;31;25;4
05/05/2004;3;47;43;23;14
05/05/2004;34;32;15;22;31
01/05/2004;40;25;46;30;39
01/05/2004;17;18;11;16;48
28/04/2004;1;45;36;21;48
28/04/2004;31;14;43;25;6
24/04/2004;9;24;16;43;30
24/04/2004;47;44;24;29;45
21/04/2004;4;36;42;28;41
21/04/2004;25;6;39;45;15
17/04/2004;43;5;20;47;34
17/04/2004;32;3;43;20;21
14/04/2004;21;34;29;38;13
14/04/2004;38;43;4;44;35
10/04/2004;14;30;48;31;13
10/04/2004;38;20;27;48;29
07/04/2004;36;29;21;2;24
07/04/2004;11;32;25;33;1
03/04/2004;26;13;22;21;36
03/04/2004;15;31;33;5;14
31/03/2004;7;26;29;48;16
31/03/2004;40;13;19;45;46
27/03/2004;4;28;30;42;43
27/03/2004;12;44;2;37;45
24/03/2004;27;33;43;12;5
24/03/2004;3;44;14;38;34
20/03/2004;5;25;15;44;38
20/03/2004;37;20;38;36;30
17/03/2004;28;3;49;19;48
17/03/2004;30;37;31;6;38
13/03/2004;49;38;14;29;5
13/03/2004;46;26;30;34;37
10/03/2004;19;21;37;36;3
10/03/2004;8;22;6;26;42
06/03/2004;38;8;35;46;18
06/03/2004;16;44;24;39;25
03/03/2004;34;36;44;10;18
03/03/2004;33;27;44;45;47
28/02/2004;7;32;43;38;21
28/02/2004;23;18;47;39;33
25/02/2004;21;14;37;18;43
25/02/2004;28;13;18;19;41
21/02/2004;25;44;7;9;37
21/02/2004;20;3;18;24;28
18/02/2004;35;49;17;1;37
18/02/2004;12;5;35;43;23
14/02/2004;44;9;5;2;10
14/02/2004;11;30;12;32;44
11/02/2004;47;32;48;36;44
11/02/2004;23;47;10;45;24
07/02/2004;34;1;29;40;22
07/02/2004;8;2;27;48;15
04/02/2004;45;13;8;33;7
04/02/2004;13;40;17;32;21
31/01/2004;12;43;20;10;26
31/01/2004;33;25;20;39;13
28/01/2004;39;47;16;27;44
28/01/2004;21;43;4;3;31
24/01/2004;12;18;46;8;28
24/01/2004;5;8;2;42;40
21/01/2004;28;21;19;25;15
21/01/2004;8;19;28;21;36
17/01/2004;29;44;32;36;31
17/01/2004;43;45;20;29;15
14/01/2004;18;6;40;48;12
14/01/2004;33;38;11;14;32
10/01/2004;38;12;26;32;6
10/01/2004;23;32;18;21;15
07/01/2004;42;21;8;20;45
07/01/2004;28;3;13;4;47
03/01/2004;13;17;3;49;43
03/01/2004;16;38;3;43;18
31/12/2003;5;34;16;47;30
31/12/2003;26;11;24;32;46
27/12/2003;43;9;36;2;22
27/12/2003;17;11;33;32;37
24/12/2003;30;27;38;19;13
24/12/2003;35;19;40;37;34
20/12/2003;48;19;21;40;49
20/12/2003;26;48;14;39;28
17/12/2003;49;39;23;22;9
17/12/2003;32;18;4;19;31
13/12/2003;23;12;22;46;16
13/12/2003;29;28;26;38;47
10/12/2003;2;19;5;32;11
10/12/2003;17;25;5;41;48
06/12/2003;46;9;10;31;32
06/12/2003;40;16;20;6;30
03/12/2003;30;16;19;39;34
03/12/2003;33;32;37;9;1
29/11/2003;39;21;43;25;40
29/11/2003;34;15;47;3;46
26/11/2003;26;39;13;7;28
26/11/2003;8;47;22;14;33
22/11/2003;15;40;26;32;29
22/11/2003;13;9;20;28;10
19/11/2003;41;24;34;6;8
19/11/2003;38;33;5;16;28
15/11/2003;8;48;6;14;13
15/11/2003;27;17;10;18;32
12/11/2003;31;40;29;21;30
12/11/2003;27;4;46;14;6
08/11/2003;19;33;48;28;49
08/11/2003;20;23;31;22;35
05/11/2003;48;49;17;27;28
05/11/2003;49;48;33;47;12
01/11/2003;7;9;40;36;24
01/11/2003;26;38;28;20;27
29/10/2003;7;17;34;19;27
29/10/2003;14;7;31;10;4
25/10/2003;28;11;43;4;3
25/10/2003;10;34;12;27;28
22/10/2003;6;43;27;15;22
22/10/2003;17;7;34;9;8
18/10/2003;8;39;41;27;33
18/10/2003;6;13;40;30;11
15/10/2003;12;2;31;17;48
15/10/2003;18;7;44;49;25
11/10/2003;38;17;35;10;48
11/10/2003;32;27;14;2;25
08/10/2003;18;42;23;7;14
08/10/2003;6;34;2;12;4
04/10/2003;7;48;40;44;45
04/10/2003;31;32;10;38;6
01/10/2003;40;5;17;43;29
01/10/2003;49;23;1;7;17
27/09/2003;33;34;5;25;6
27/09/2003;12;40;8;29;49
24/09/2003;10;33;18;19;13
24/09/2003;11;36;33;6;17
20/09/2003;5;46;26;33;35
20/09/2003;25;1;48;20;12
17/09/2003;8;48;3;29;23
17/09/2003;15;13;7;20;21
13/09/2003;22;11;42;19;43
13/09/2003;38;41;26;33;43
10/09/2003;44;49;27;13;23
10/09/2003;37;31;15;24;44
06/09/2003;37;44;27;9;10
06/09/2003;2;1;20;49;47
03/09/2003;23;24;26;41;40
03/09/2003;15;42;13;17;16
30/08/2003;39;24;44;17;11
30/08/2003;25;2;32;18;11
27/08/2003;10;31;7;38;28
27/08/2003;3;42;33;31;26
23/08/2003;49;12;17;10;26
23/08/2003;32;11;43;25;9
20/08/2003;38;1;34;5;10
20/08/2003;34;8;4;44;23
16/08/2003;5;46;37;27;33
16/08/2003;7;38;10;20;11
13/08/2003;32;23;7;29;10
13/08/2003;12;37;45;28;1
09/08/2003;8;40;10;34;24
09/08/2003;39;3;19;30;21
06/08/2003;3;26;35;34;1
06/08/2003;31;16;28;36;29
02/08/2003;12;24;38;18;2
02/08/2003;3;20;9;19;17
30/07/2003;10;15;20;1;7
30/07/2003;18;1;14;42;4
26/07/2003;35;33;38;25;47
26/07/2003;41;5;35;42;16
23/07/2003;33;11;41;15;14
23/07/2003;6;46;5;38;9
19/07/2003;37;35;39;44;10
19/07/2003;8;13;4;10;20
16/07/2003;10;3;26;23;27
16/07/2003;21;13;22;34;5
12/07/2003;10;20;1;24;23
12/07/2003;18;35;46;44;36
09/07/2003;18;4;30;17;21
09/07/2003;6;36;5;13;41
05/07/2003;21;8;47;13;16
05/07/2003;31;48;35;43;49
02/07/2003;34;10;36;35;18
02/07/2003;41;39;40;11;22
28/06/2003;7;24;12;25;15
28/06/2003;47;46;34;11;12
25/06/2003;48;34;45;42;7
25/06/2003;25;27;33;13;42
21/06/2003;46;26;36;31;29
21/06/2003;14;26;47;15;33
18/06/2003;15;46;28;33;23
18/06/2003;27;29;19;42;32
14/06/2003;2;46;28;49;35
14/06/2003;48;44;3;18;4
11/06/2003;38;18;28;14;10
11/06/2003;20;9;16;19;22
07/06/2003;23;16;12;6;37
07/06/2003;13;25;12;40;22
04/06/2003;3;30;18;34;38
04/06/2003;34;30;45;43;24
31/05/2003;17;39;22;41;9
31/05/2003;27;9;30;24;12
28/05/2003;4;15;19;35;3
28/05/2003;38;43;32;49;2
24/05/2003;37;23;42;47;10
24/05/2003;20;22;41;6;13
21/05/2003;24;8;45;17;27
21/05/2003;31;4;6;46;32
17/05/2003;42;27;39;47;11
17/05/2003;28;37;42;17;46
14/05/2003;41;47;10;2;48
14/05/2003;46;9;44;14;24
10/05/2003;44;30;1;12;10
10/05/2003;44;29;34;37;40
07/05/2003;40;49;34;9;23
07/05/2003;36;7;17;43;47
03/05/2003;15;25;3;7;40
03/05/2003;6;10;20;17;30
30/04/2003;9;5;47;6;16
30/04/2003;38;1;6;4;49
26/04/2003;38;24;48;14;13
26/04/2003;44;45;49;29;20
23/04/2003;40;30;34;29;26
23/04/2003;45;5;24;35;42
19/04/2003;1;9;23;5;31
19/04/2003;21;4;41;26;49
16/04/2003;42;15;49;6;4
16/04/2003;44;2;12;14;16
12/04/2003;34;17;13;41;40
12/04/2003;13;35;6;42;37
09/04/2003;41;15;37;24;46
09/04/2003;24;48;45;7;13
05/04/2003;18;37;25;47;17
05/04/2003;9;32;4;6;12
02/04/2003;27;24;19;41;5
02/04/2003;37;13;47;26;44
29/03/2003;45;27;32;48;33
29/03/2003;39;36;18;14;37
26/03/2003;15;10;5;29;48
26/03/2003;29;2;23;22;42
22/03/2003;7;8;34;41;19
22/03/2003;42;33;9;37;27
19/03/2003;48;23;34;2;21
19/03/2003;40;49;36;44;2
15/03/2003;46;6;14;4;31
15/03/2003;26;16;21;49;46
12/03/2003;35;21;42;36;3
12/03/2003;11;26;32;4;47
08/03/2003;9;14;11;17;30
08/03/2003;6;44;49;46;30
05/03/2003;21;12;17;37;27
05/03/2003;33;27;9;21;49
01/03/2003;11;47;13;40;45
01/03/2003;1;8;44;39;33
26/02/2003;42;6;19;34;16
26/02/2003;23;40;13;7;22
22/02/2003;27;18;11;6;2
22/02/2003;27;36;9;46;44
19/02/2003;1;35;32;8;33
19/02/2003;16;40;31;20;35
15/02/2003;12;48;22;18;19
15/02/2003;49;26;31;28;11
12/02/2003;1;2;39;24;20
12/02/2003;41;12;31;28;16
08/02/2003;45;39;34;28;48
08/02/2003;31;36;12;26;18
05/02/2003;26;30;27;35;47
05/02/2003;38;20;10;19;49
01/02/2003;15;46;42;34;8
01/02/2003;43;17;45;14;38
29/01/2003;19;32;40;30;35
29/01/2003;37;48;34;40;3
25/01/2003;38;8;42;47;1
25/01/2003;20;25;46;34;17
22/01/2003;45;26;29;49;1
22/01/2003;28;15;27;26;46
18/01/2003;49;14;29;4;15
18/01/2003;49;37;20;44;5
15/01/2003;10;36;37;3;15
15/01/2003;16;12;1;5;28
11/01/2003;22;13;39;35;6
11/01/2003;43;6;35;27;48
08/01/2003;11;32;16;42;49
08/01/2003;34;12;24;33;28
04/01/2003;26;46;47;39;40
04/01/2003;17;37;18;42;36
01/01/2003;5;18;43;17;10
01/01/2003;42;20;9;23;17
28/12/2002;13;29;1;31;37
28/12/2002;45;12;17;46;16
25/12/2002;42;37;19;15;28
25/12/2002;13;48;45;2;40
21/12/2002;15;23;21;1;13
21/12/2002;32;20;9;12;46
18/12/2002;24;49;6;9;38
18/12/2002;40;1;49;37;43
14/12/2002;24;15;11;28;6
14/12/2002;11;23;43;31;26
11/12/2002;20;31;30;9;4
11/12/2002;4;18;11;46;24
07/12/2002;25;19;18;24;48
07/12/2002;22;16;1;2;8
04/12/2002;25;20;12;26;14
04/12/2002;32;14;23;22;2
30/11/2002;7;30;28;41;15
30/11/2002;45;40;7;2;17
27/11/2002;5;22;38;1;29
27/11/2002;42;24;9;20;17
23/11/2002;14;11;43;40;32
23/11/2002;14;18;46;35;33
20/11/2002;16;41;40;22;13
20/11/2002;20;13;22;19;37
16/11/2002;26;27;20;8;18
16/11/2002;49;43;9;28;6
13/11/2002;40;33;12;27;5
13/11/2002;30;44;12;29;33
09/11/2002;16;14;7;25;21
09/11/2002;28;26;4;14;49
06/11/2002;46;45;44;3;10
06/11/2002;30;28;29;31;10
02/11/2002;15;24;44;16;45
02/11/2002;39;49;29;9;12
30/10/2002;6;42;20;27;1
30/10/2002;28;47;22;11;26
26/10/2002;47;24;9;19;36
26/10/2002;31;46;20;16;7
23/10/2002;17;20;36;6;42
23/10/2002;22;4;13;5;20
19/10/2002;8;3;17;7;18
19/10/2002;48;21;49;3;14
16/10/2002;33;39;36;14;44
16/10/2002;9;39;43;4;21
12/10/2002;29;15;20;23;39
12/10/2002;43;42;47;15;31
09/10/2002;39;38;33;8;42
09/10/2002;38;16;8;29;24
05/10/2002;48;19;41;34;14
05/10/2002;29;42;36;12;47
02/10/2002;16;39;21;41;24
02/10/2002;34;31;49;27;24
28/09/2002;49;19;20;31;9
28/09/2002;6;49;36;13;8
25/09/2002;36;5;26;20;4
25/09/2002;10;5;19;6;24
21/09/2002;48;21;25;1;15
21/09/2002;9;15;45;37;17
18/09/2002;14;22;49;15;12
18/09/2002;21;42;38;17;7
14/09/2002;4;19;12;23;37
14/09/2002;3;2;33;49;32
11/09/2002;38;7;47;43;41
11/09/2002;45;37;32;29;15
07/09/2002;11;20;44;43;22
07/09/2002;4;36;28;20;42
04/09/2002;26;8;36;40;5
04/09/2002;7;22;45;16;13
31/08/2002;45;12;14;32;46
31/08/2002;21;28;45;16;34
28/08/2002;34;27;30;11;5
28/08/2002;8;14;2;1;12
24/08/2002;1;8;28;34;45
24/08/2002;46;2;26;37;16
21/08/2002;23;24;39;47;9
21/08/2002;19;46;1;8;29
17/08/2002;15;26;28;32;30
17/08/2002;42;35;30;2;36
14/08/2002;7;47;48;26;9
14/08/2002;6;24;35;11;13
10/08/2002;13;34;11;49;45
10/08/2002;6;47;30;10;41
07/08/2002;43;32;29;7;19
07/08/2002;7;22;20;13;49
03/08/2002;21;18;40;31;45
03/08/2002;45;1;25;30;48
31/07/2002;38;45;31;42;21
31/07/2002;17;6;39;11;16
27/07/2002;42;45;47;9;18
27/07/2002;29;33;19;46;44
24/07/2002;19;33;6;18;16
24/07/2002;24;7;49;19;21
20/07/2002;9;13;47;38;16
20/07/2002;12;48;20;25;10
17/07/2002;12;7;23;25;32
17/07/2002;7;3;28;22;44
13/07/2002;13;46;29;43;45
13/07/2002;25;4;41;2;22
10/07/2002;2;34;16;40;8
10/07/2002;7;38;8;11;26
06/07/2002;10;29;22;2;35
06/07/2002;15;9;17;34;27
03/07/2002;40;22;32;13;19
03/07/2002;33;31;19;9;1
29/06/2002;25;2;44;12;13
29/06/2002;34;38;39;45;9
26/06/2002;38;25;12;20;43
26/06/2002;3;9;37;19;10
22/06/2002;25;2;10;26;23
22/06/2002;37;13;7;31;35
19/06/2002;14;36;13;27;17
19/06/2002;32;34;2;7;29
15/06/2002;40;42;45;33;28
15/06/2002;21;30;34;2;42
12/06/2002;35;21;37;27;43
12/06/2002;29;36;1;2;35
08/06/2002;35;13;26;11;5
08/06/2002;34;42;49;1;19
05/06/2002;34;12;20;8;13
05/06/2002;32;12;8;34;28
01/06/2002;46;5;40;1;47
01/06/2002;38;1;28;8;19
29/05/2002;5;10;8;9;11
29/05/2002;21;5;39;32;38
25/05/2002;38;31;5;4;20
25/05/2002;6;8;32;27;29
22/05/2002;39;31;9;36;22
22/05/2002;34;19;42;49;46
18/05/2002;25;34;1;46;6
18/05/2002;11;48;30;13;31
15/05/2002;47;36;45;22;39
15/05/2002;32;18;39;22;30
11/05/2002;14;22;35;46;23
11/05/2002;23;38;44;48;47
08/05/2002;8;42;44;32;22
08/05/2002;35;10;31;23;6
04/05/2002;39;31;15;5;34
04/05/2002;22;13;38;7;46
01/05/2002;11;39;4;34;16
01/05/2002;12;38;17;16;18
27/04/2002;12;29;2;16;4
27/04/2002;12;44;24;37;20
24/04/2002;44;13;32;16;49
24/04/2002;36;25;10;26;41
20/04/2002;33;3;20;41;11
20/04/2002;46;34;11;20;16
17/04/2002;15;27;6;33;26
17/04/2002;15;31;11;7;27
13/04/2002;34;15;8;18;22
13/04/2002;12;24;30;1;38
10/04/2002;27;9;36;22;46
10/04/2002;4;13;12;47;35
06/04/2002;15;10;2;8;13
06/04/2002;16;25;19;9;4
03/04/2002;36;24;33;38;15
03/04/2002;15;38;29;18;43
30/03/2002;10;2;1;4;9
30/03/2002;48;25;40;13;24
27/03/2002;23;32;19;16;26
27/03/2002;47;35;21;30;49
23/03/2002;10;8;42;3;46
23/03/2002;2;47;39;13;36
20/03/2002;43;48;38;14;49
20/03/2002;14;17;27;16;37
16/03/2002;31;33;26;40;3
16/03/2002;12;34;39;17;40
13/03/2002;39;18;42;11;8
13/03/2002;26;21;45;25;6
09/03/2002;8;21;25;48;34
09/03/2002;22;30;38;15;25
06/03/2002;34;49;9;17;22
06/03/2002;16;3;1;33;10
02/03/2002;32;29;49;23;45
02/03/2002;10;39;1;37;40
27/02/2002;18;4;37;42;46
27/02/2002;43;29;45;6;32
23/02/2002;39;20;11;23;3
23/02/2002;3;49;17;43;11
20/02/2002;16;2;24;4;45
20/02/2002;6;46;4;19;8
16/02/2002;35;47;31;42;4
16/02/2002;47;21;23;7;37
13/02/2002;2;39;23;38;17
13/02/2002;44;12;37;31;24
09/02/2002;9;7;3;31;4
09/02/2002;41;4;46;31;32
06/02/2002;2;45;12;43;38
06/02/2002;33;18;14;10;7
02/02/2002;47;19;4;10;30
02/02/2002;48;14;5;45;6
30/01/2002;14;10;26;21;19
30/01/2002;25;5;46;22;21
26/01/2002;18;24;7;41;27
26/01/2002;23;40;33;10;14
23/01/2002;34;44;4;43;45
23/01/2002;5;32;19;45;34
19/01/2002;29;1;27;45;17
19/01/2002;46;3;17;44;25
16/01/2002;35;26;18;14;17
16/01/2002;13;26;48;41;30
12/01/2002;20;29;31;48;17
12/01/2002;42;12;3;45;26
09/01/2002;21;10;44;7;5
09/01/2002;8;12;48;19;2
05/01/2002;3;19;27;16;24
05/01/2002;9;34;13;25;7
02/01/2002;9;16;34;17;36
02/01/2002;5;39;7;28;18
29/12/2001;17;40;28;37;44
29/12/2001;37;24;44;35;46
26/12/2001;40;1;36;41;28
26/12/2001;8;7;37;34;44
22/12/2001;31;36;38;22;2
22/12/2001;13;21;36;23;16
19/12/2001;49;20;35;16;47
19/12/2001;48;1;5;9;24
15/12/2001;16;14;11;40;27
15/12/2001;26;21;45;24;2
12/12/2001;5;35;44;17;37
12/12/2001;28;2;19;43;41
08/12/2001;42;17;34;14;48
08/12/2001;45;9;41;6;39
05/12/2001;35;36;19;28;7
05/12/2001;8;37;49;29;24
01/12/2001;19;1;25;20;22
01/12/2001;38;39;26;41;45
28/11/2001;36;25;31;29;32
28/11/2001;23;21;7;11;31
24/11/2001;24;16;27;1;37
24/11/2001;41;27;9;8;32
21/11/2001;33;47;16;42;37
21/11/2001;35;4;5;49;3
17/11/2001;28;36;31;34;7
17/11/2001;4;6;10;39;31
14/11/2001;6;44;9;45;37
14/11/2001;5;45;34;31;28
10/11/2001;1;27;18;26;16
10/11/2001;34;41;11;44;5
07/11/2001;19;32;40;20;37
07/11/2001;31;24;22;46;35
03/11/2001;8;25;36;12;22
03/11/2001;5;10;9;30;42
31/10/2001;11;28;32;40;38
31/10/2001;45;9;25;29;47
27/10/2001;6;2;27;46;10
27/10/2001;37;32;28;6;26
24/10/2001;34;1;45;39;35
24/10/2001;15;35;6;4;11
20/10/2001;35;24;3;38;23
20/10/2001;44;36;30;24;23
17/10/2001;8;17;26;35;44
17/10/2001;43;12;4;9;18
13/10/2001;37;2;36;28;33
13/10/2001;1;30;21;12;20
10/10/2001;17;38;1;48;23
10/10/2001;19;14;26;16;22
06/10/2001;6;20;27;39;4
06/10/2001;41;38;36;30;27
03/10/2001;5;49;12;22;10
03/10/2001;44;32;33;42;43
29/09/2001;48;14;23;38;39
29/09/2001;27;49;22;3;18
26/09/2001;1;26;10;41;30
26/09/2001;39;19;45;30;35
22/09/2001;39;16;17;37;27
22/09/2001;38;40;24;35;48
19/09/2001;37;10;31;13;32
19/09/2001;12;6;35;42;34
15/09/2001;46;37;47;22;6
15/09/2001;22;30;48;13;20
12/09/2001;46;47;15;30;43
12/09/2001;34;35;13;23;12
08/09/2001;45;49;44;9;16
08/09/2001;15;25;2;48;38
05/09/2001;15;7;31;11;27
05/09/2001;48;39;19;47;23
01/09/2001;2;43;20;27;3
01/09/2001;32;31;16;36;30
29/08/2001;31;48;23;15;37
29/08/2001;30;35;27;39;8
25/08/2001;36;34;7;29;31
25/08/2001;25;36;4;1;47
22/08/2001;18;19;36;13;6
22/08/2001;15;9;24;25;36
18/08/2001;21;19;24;27;2
18/08/2001;46;6;25;32;7
15/08/2001;32;3;49;22;29
15/08/2001;34;39;37;36;19
11/08/2001;27;34;10;37;45
11/08/2001;6;43;45;41;10
08/08/2001;18;6;27;38;49
08/08/2001;15;7;13;20;24
04/08/2001;46;23;1;36;15
04/08/2001;30;10;32;49;42
01/08/2001;4;6;19;13;30
01/08/2001;23;40;20;9;19
28/07/2001;10;20;39;2;5
28/07/2001;35;15;23;6;20
25/07/2001;7;44;2;17;15
25/07/2001;14;2;6;37;1
21/07/2001;37;3;43;47;23
21/07/2001;9;10;41;29;3
18/07/2001;40;48;17;29;23
18/07/2001;25;9;21;13;29
14/07/2001;39;31;41;36;22
14/07/2001;40;41;16;44;3
11/07/2001;29;49;23;16;22
11/07/2001;49;12;17;47;46
07/07/2001;46;21;44;6;38
07/07/2001;34;39;9;27;35
04/07/2001;19;36;4;5;23
04/07/2001;44;4;26;3;9
30/06/2001;16;49;25;20;14
30/06/2001;30;27;23;11;35
27/06/2001;38;37;45;21;31
27/06/2001;14;43;49;12;5
23/06/2001;32;27;9;4;22
23/06/2001;4;11;12;10;41
20/06/2001;27;16;30;36;10
20/06/2001;36;3;1;23;8
16/06/2001;4;18;20;15;47
16/06/2001;46;16;23;27;14
13/06/2001;26;31;27;29;43
13/06/2001;20;32;1;22;35
09/06/2001;5;30;33;21;3
09/06/2001;11;49;48;15;6
06/06/2001;11;39;2;48;3
06/06/2001;18;36;46;28;5
02/06/2001;30;32;10;41;8
02/06/2001;4;18;30;19;45
30/05/2001;14;33;21;3;8
30/05/2001;19;17;32;28;23
26/05/2001;34;21;35;5;47
26/05/2001;11;41;45;8;37
23/05/2001;5;49;44;9;13
23/05/2001;6;25;16;21;38
19/05/2001;8;40;16;46;23
19/05/2001;23;11;36;32;42
16/05/2001;31;39;42;30;4
16/05/2001;23;2;27;18;48
12/05/2001;38;43;12;37;22
12/05/2001;21;27;1;8;33
09/05/2001;12;48;18;23;42
09/05/2001;34;38;10;2;24
05/05/2001;36;2;12;17;7
05/05/2001;29;49;33;28;10
02/05/2001;30;41;49;23;24
02/05/2001;4;7;18;15;44
28/04/2001;34;39;30;8;42
28/04/2001;9;14;30;20;26
25/04/2001;6;49;10;46;33
25/04/2001;48;41;49;43;42
21/04/2001;31;43;26;15;6
21/04/2001;33;27;13;30;14
18/04/2001;20;29;27;48;10
18/04/2001;12;20;24;29;48
14/04/2001;39;10;43;47;2
14/04/2001;19;17;20;2;26
11/04/2001;35;9;29;40;38
11/04/2001;45;48;41;29;32
07/04/2001;11;42;15;34;13
07/04/2001;35;2;24;27;5
04/04/2001;16;2;43;42;9
04/04/2001;40;33;47;23;16
31/03/2001;18;8;17;41;21
31/03/2001;20;33;42;44;1
28/03/2001;14;30;20;46;31
28/03/2001;31;8;24;45;36
24/03/2001;32;12;7;10;34
24/03/2001;49;35;48;9;44
21/03/2001;3;13;16;46;23
21/03/2001;20;3;42;23;2
17/03/2001;39;22;29;3;33
17/03/2001;28;47;16;49;29
14/03/2001;31;29;4;15;47
14/03/2001;40;34;36;6;42
10/03/2001;32;14;27;22;12
10/03/2001;2;37;46;42;27
07/03/2001;26;28;42;9;40
07/03/2001;11;1;6;27;14
03/03/2001;35;26;46;24;22
03/03/2001;25;34;36;1;4
28/02/2001;1;25;11;24;41
28/02/2001;21;15;12;36;41
24/02/2001;49;18;23;31;14
24/02/2001;16;35;28;25;18
21/02/2001;39;11;12;10;5
21/02/2001;6;46;32;20;8
17/02/2001;28;11;40;18;48
17/02/2001;28;35;46;1;22
14/02/2001;46;23;38;48;19
14/02/2001;4;27;23;3;48
10/02/2001;23;42;20;46;11
10/02/2001;43;14;26;7;17
07/02/2001;32;16;9;10;34
07/02/2001;33;45;48;40;36
03/02/2001;15;11;38;9;49
03/02/2001;43;19;15;32;1
31/01/2001;29;33;43;27;44
31/01/2001;47;1;39;37;5
27/01/2001;10;2;18;48;42
27/01/2001;11;32;46;28;1
24/01/2001;20;33;46;17;1
24/01/2001;49;36;25;18;44
20/01/2001;12;32;16;14;45
20/01/2001;11;40;6;39;30
17/01/2001;32;43;49;15;36
17/01/2001;18;21;27;1;37
13/01/2001;3;46;45;28;18
13/01/2001;22;23;42;43;28
10/01/2001;22;25;19;11;20
10/01/2001;27;2;48;47;35
06/01/2001;45;29;19;26;9
06/01/2001;45;19;34;26;16
03/01/2001;30;35;1;44;49
03/01/2001;35;23;43;37;17
30/12/2000;1;13;6;33;22
30/12/2000;18;22;29;49;21
27/12/2000;31;26;10;15;37
27/12/2000;3;31;13;39;44
23/12/2000;35;15;47;49;9
23/12/2000;30;19;39;31;8
20/12/2000;36;28;21;24;7
20/12/2000;1;35;41;40;9
16/12/2000;35;41;32;11;33
16/12/2000;41;34;20;8;48
13/12/2000;7;34;27;47;2
13/12/2000;21;24;29;4;44
09/12/2000;38;32;18;42;35
09/12/2000;21;18;19;49;44
06/12/2000;13;2;21;22;18
06/12/2000;22;23;1;31;4
02/12/2000;15;11;34;23;33
02/12/2000;9;48;1;15;44
29/11/2000;3;17;15;30;10
29/11/2000;1;31;46;2;14
25/11/2000;3;31;27;23;49
25/11/2000;46;2;5;15;16
22/11/2000;22;45;14;46;32
22/11/2000;45;11;25;31;14
18/11/2000;35;25;39;46;38
18/11/2000;36;9;17;16;25
15/11/2000;10;31;12;8;48
15/11/2000;7;2;46;34;3
11/11/2000;27;20;22;2;47
11/11/2000;16;44;31;38;14
08/11/2000;43;28;20;30;26
08/11/2000;27;1;3;23;33
04/11/2000;41;16;22;8;24
04/11/2000;37;23;1;30;34
01/11/2000;15;16;10;23;30
01/11/2000;17;32;24;48;26
28/10/2000;6;23;7;28;24
28/10/2000;3;31;34;4;26
25/10/2000;20;29;34;36;16
25/10/2000;17;33;5;46;8
21/10/2000;29;21;45;20;13
21/10/2000;43;28;37;19;42
18/10/2000;45;41;34;19;8
18/10/2000;18;38;19;22;23
14/10/2000;42;36;13;30;5
14/10/2000;29;27;17;11;18
11/10/2000;24;48;44;12;39
11/10/2000;9;42;40;31;44
07/10/2000;45;33;24;17;10
07/10/2000;18;46;48;32;30
04/10/2000;44;30;47;9;11
04/10/2000;43;8;13;16;1
30/09/2000;37;16;24;32;13
30/09/2000;16;12;14;4;5
27/09/2000;2;38;22;46;33
27/09/2000;12;19;23;15;37
23/09/2000;24;34;35;27;42
23/09/2000;28;9;13;18;42
20/09/2000;35;40;4;33;29
20/09/2000;13;45;32;46;8
16/09/2000;48;9;7;35;23
16/09/2000;39;23;48;2;9
13/09/2000;10;26;31;34;41
13/09/2000;34;31;20;22;14
09/09/2000;14;49;17;16;48
09/09/2000;5;24;19;18;45
06/09/2000;14;42;4;47;29
06/09/2000;19;25;41;23;16
02/09/2000;23;19;11;41;40
02/09/2000;6;3;20;41;26
30/08/2000;10;9;13;19;34
30/08/2000;7;2;1;20;37
26/08/2000;45;49;30;37;11
26/08/2000;47;18;12;33;34
23/08/2000;41;44;27;37;29
23/08/2000;41;6;18;13;17
19/08/2000;2;45;49;22;3
19/08/2000;40;9;43;7;6
16/08/2000;33;2;28;8;14
16/08/2000;40;5;36;35;30
12/08/2000;15;43;22;19;23
12/08/2000;47;34;49;42;35
09/08/2000;8;1;16;26;45
09/08/2000;9;38;39;34;49
05/08/2000;27;24;5;33;29
05/08/2000;34;49;7;19;38
02/08/2000;14;28;17;46;34
02/08/2000;4;49;27;41;18
29/07/2000;23;13;36;17;37
29/07/2000;7;8;10;27;46
26/07/2000;30;10;27;1;3
26/07/2000;44;16;9;45;7
22/07/2000;44;36;45;28;37
22/07/2000;29;2;11;6;12
19/07/2000;25;30;1;44;23
19/07/2000;41;4;47;44;42
15/07/2000;10;37;22;29;46
15/07/2000;40;43;9;2;1
12/07/2000;45;41;2;9;12
12/07/2000;10;44;20;47;13
08/07/2000;19;40;6;46;34
08/07/2000;36;44;32;34;17
05/07/2000;37;3;24;41;40
05/07/2000;39;8;35;44;33
01/07/2000;44;24;4;14;38
01/07/2000;2;17;8;9;34
28/06/2000;22;20;10;4;25
28/06/2000;31;12;30;22;28
24/06/2000;22;3;38;21;49
24/06/2000;30;29;24;13;2
21/06/2000;17;47;2;21;33
21/06/2000;28;37;1;22;13
17/06/2000;48;41;44;29;4
17/06/2000;2;4;25;9;23
14/06/2000;38;24;39;16;17
14/06/2000;34;39;15;25;37
10/06/2000;39;42;5;3;33
10/06/2000;45;18;42;7;34
07/06/2000;39;7;47;10;30
07/06/2000;37;3;31;25;43
03/06/2000;35;44;49;12;36
03/06/2000;4;34;23;26;21
31/05/2000;13;41;15;34;46
31/05/2000;17;15;24;41;20
27/05/2000;10;15;23;40;47
27/05/2000;9;6;27;13;28
24/05/2000;34;14;6;30;11
24/05/2000;42;39;17;4;33
20/05/2000;49;31;26;48;13
20/05/2000;46;36;8;7;15
17/05/2000;5;39;32;49;34
17/05/2000;35;21;49;14;40
13/05/2000;5;32;13;21;37
13/05/2000;24;10;18;47;41
10/05/2000;42;46;21;31;2
10/05/2000;46;30;19;45;41
06/05/2000;11;48;21;26;17
06/05/2000;1;15;39;19;30
03/05/2000;39;34;35;30;45
03/05/2000;27;28;36;48;8
29/04/2000;4;30;44;15;34
29/04/2000;25;6;38;49;29
26/04/2000;9;14;13;33;30
26/04/2000;10;42;31;35;20
22/04/2000;10;47;4;1;18
22/04/2000;18;48;44;6;28
19/04/2000;32;19;43;20;34
19/04/2000;46;30;12;5;42
15/04/2000;41;24;13;22;42
15/04/2000;46;47;24;17;45
12/04/2000;7;33;15;37;34
12/04/2000;48;14;36;21;46
08/04/2000;8;4;47;44;6
08/04/2000;23;1;24;31;44
05/04/2000;42;20;29;43;31
05/04/2000;24;44;41;47;15
01/04/2000;47;36;32;44;26
01/04/2000;44;31;35;18;37
29/03/2000;32;12;1;17;26
29/03/2000;36;27;47;35;39
25/03/2000;7;46;30;37;47
25/03/2000;26;43;45;4;10
22/03/2000;6;44;28;19;21
22/03/2000;46;33;3;11;43
18/03/2000;11;15;32;47;24
18/03/2000;4;13;38;43;31
15/03/2000;36;25;41;39;24
15/03/2000;12;30;2;47;48
11/03/2000;47;45;26;17;43
11/03/2000;45;15;18;44;14
08/03/2000;5;33;23;36;27
08/03/2000;21;31;4;48;42
04/03/2000;16;6;44;4;33
04/03/2000;48;24;18;11;42
01/03/2000;5;27;7;28;32
01/03/2000;42;24;3;18;28
26/02/2000;11;33;3;43;9
26/02/2000;11;12;17;29;30
23/02/2000;37;1;10;5;44
23/02/2000;30;17;2;12;39
19/02/2000;43;12;8;3;7
19/02/2000;21;17;48;4;39
16/02/2000;22;33;40;18;23
16/02/2000;3;8;29;31;18
12/02/2000;31;44;3;9;34
12/02/2000;22;15;7;17;18
09/02/2000;14;10;49;19;5
09/02/2000;41;38;20;49;40
05/02/2000;45;21;48;25;33
05/02/2000;28;41;22;33;49
02/02/2000;9;47;4;7;44
02/02/2000;12;16;6;7;41
29/01/2000;12;7;32;9;3
29/01/2000;45;43;37;28;44
26/01/2000;4;22;48;15;11
26/01/2000;19;12;25;48;47
22/01/2000;18;23;9;4;28
22/01/2000;14;28;37;16;7
19/01/2000;40;5;1;10;49
19/01/2000;22;39;25;10;41
15/01/2000;43;8;14;12;7
15/01/2000;42;16;7;46;30
12/01/2000;25;22;7;4;26
12/01/2000;7;29;36;30;18
08/01/2000;23;31;36;14;35
08/01/2000;29;31;40;21;44
05/01/2000;6;47;42;11;3
05/01/2000;15;22;13;21;27
01/01/2000;35;28;27;39;30
01/01/2000;43;35;49;12;2
29/12/1999;15;26;19;47;27
29/12/1999;45;25;11;39;38
25/12/1999;23;8;49;11;47
25/12/1999;37;14;36;41;1
22/12/1999;8;41;43;33;44
22/12/1999;28;21;27;6;31
18/12/1999;30;38;39;19;37
18/12/1999;19;45;37;9;2
15/12/1999;45;43;35;2;12
15/12/1999;34;4;27;49;6
11/12/1999;28;40;22;2;37
11/12/1999;11;48;45;35;46
08/12/1999;24;20;12;5;7
08/12/1999;45;46;1;32;9
04/12/1999;1;19;31;43;4
04/12/1999;48;45;21;43;16
01/12/1999;49;14;21;4;24
01/12/1999;4;1;49;23;26
27/11/1999;40;42;6;35;19
27/11/1999;31;48;33;4;5
24/11/1999;14;30;37;13;49
24/11/1999;6;31;47;44;40
20/11/1999;19;45;2;25;10
20/11/1999;1;41;2;25;48
17/11/1999;49;2;19;34;29
17/11/1999;36;35;20;8;24
13/11/1999;11;35;20;49;23
13/11/1999;11;38;12;31;4
10/11/1999;33;9;40;23;1
10/11/1999;36;10;21;29;47
06/11/1999;38;36;7;45;12
06/11/1999;17;29;3;39;12
03/11/1999;20;24;29;21;15
03/11/1999;32;43;8;25;35
30/10/1999;2;24;23;6;1
30/10/1999;27;17;10;49;5
27/10/1999;33;3;31;25;34
27/10/1999;12;23;48;3;38
23/10/1999;12;28;23;26;49
23/10/1999;3;32;1;13;16
20/10/1999;7;23;12;38;39
20/10/1999;28;21;18;14;7
16/10/1999;33;26;42;13;6
16/10/1999;47;2;15;5;11
13/10/1999;32;35;2;36;44
13/10/1999;10;26;12;9;30
09/10/1999;49;27;21;34;5
09/10/1999;42;29;20;33;30
06/10/1999;38;5;39;20;42
06/10/1999;49;35;39;25;46
02/10/1999;45;12;7;33;23
02/10/1999;45;27;2;3;21
29/09/1999;30;38;2;12;1
29/09/1999;3;11;13;22;28
25/09/1999;10;5;11;2;15
25/09/1999;45;22;49;48;12
22/09/1999;30;37;17;25;46
22/09/1999;6;8;14;31;20
18/09/1999;12;9;11;35;7
18/09/1999;33;26;15;35;22
15/09/1999;1;8;42;3;45
15/09/1999;3;30;13;37;43
11/09/1999;10;24;18;17;4
11/09/1999;3;49;9;23;48
08/09/1999;33;25;49;31;48
08/09/1999;42;6;40;45;7
04/09/1999;15;47;41;38;6
04/09/1999;3;47;36;26;39
01/09/1999;11;18;6;7;28
01/09/1999;26;9;4;19;11
28/08/1999;7;1;40;5;2
28/08/1999;7;17;44;25;47
25/08/1999;47;7;20;9;23
25/08/1999;8;48;6;12;15
21/08/1999;10;1;31;34;14
21/08/1999;41;11;46;34;26
18/08/1999;17;4;20;44;49
18/08/1999;21;46;33;15;7
14/08/1999;15;33;35;9;19
14/08/1999;44;5;33;1;39
11/08/1999;11;31;1;47;32
11/08/1999;15;24;47;38;28
07/08/1999;31;14;32;7;11
07/08/1999;31;20;40;30;3
04/08/1999;40;28;22;30;29
04/08/1999;23;4;41;12;26
31/07/1999;7;18;31;28;10
31/07/1999;40;45;32;47;16
28/07/1999;47;24;34;48;21
28/07/1999;20;9;37;39;6
24/07/1999;49;9;15;37;36
24/07/1999;20;10;2;41;26
21/07/1999;34;20;27;13;5
21/07/1999;36;40;20;19;28
17/07/1999;7;8;34;38;29
17/07/1999;25;7;11;27;24
14/07/1999;48;44;42;28;1
14/07/1999;16;17;8;29;14
10/07/1999;28;6;34;22;20
10/07/1999;3;48;7;15;23
07/07/1999;27;22;14;24;37
07/07/1999;3;29;19;27;30
03/07/1999;38;19;32;31;15
03/07/1999;32;23;24;37;3
30/06/1999;20;26;6;21;34
30/06/1999;42;5;22;39;46
26/06/1999;46;9;2;22;5
26/06/1999;30;47;37;35;36
23/06/1999;42;19;10;16;8
23/06/1999;26;20;14;33;23
19/06/1999;34;20;35;40;30
19/06/1999;2;40;19;8;45
16/06/1999;46;37;31;36;15
16/06/1999;3;5;37;39;46
12/06/1999;11;24;49;6;38
12/06/1999;18;20;46;14;27
09/06/1999;18;9;14;49;12
09/06/1999;17;5;22;3;35
05/06/1999;6;39;35;17;36
05/06/1999;44;42;19;16;22
02/06/1999;29;22;38;2;37
02/06/1999;23;20;4;40;2
29/05/1999;4;48;13;36;47
29/05/1999;26;18;25;5;46
26/05/1999;38;40;37;1;10
26/05/1999;44;22;46;19;14
22/05/1999;7;5;20;43;21
22/05/1999;45;1;10;23;11
19/05/1999;22;32;47;26;37
19/05/1999;1;20;29;47;44
15/05/1999;40;43;2;27;39
15/05/1999;25;37;44;35;42
12/05/1999;11;17;45;4;26
12/05/1999;46;34;47;19;35
08/05/1999;49;24;47;22;23
08/05/1999;43;13;4;2;23
05/05/1999;30;41;12;28;19
05/05/1999;37;26;36;16;35
01/05/1999;4;41;29;19;18
01/05/1999;20;27;21;31;42
28/04/1999;19;9;6;15;24
28/04/1999;5;15;35;47;42
24/04/1999;16;32;9;13;3
24/04/1999;21;12;15;30;16
21/04/1999;33;7;12;42;27
21/04/1999;9;4;16;12;38
17/04/1999;26;37;18;34;28
17/04/1999;20;15;21;26;9
14/04/1999;29;32;39;23;30
14/04/1999;39;34;33;32;21
10/04/1999;40;14;30;39;37
10/04/1999;7;35;44;29;20
07/04/1999;10;17;28;16;9
07/04/1999;5;11;49;22;41
03/04/1999;18;42;28;13;31
03/04/1999;24;38;10;5;23
31/03/1999;26;4;39;25;9
31/03/1999;43;25;47;41;10
27/03/1999;14;17;8;28;19
27/03/1999;16;14;15;1;40
24/03/1999;31;12;11;41;9
24/03/1999;1;28;7;11;48
20/03/1999;38;14;13;48;42
20/03/1999;22;25;39;24;5
17/03/1999;14;36;31;47;23
17/03/1999;48;45;49;6;13
13/03/1999;38;25;17;34;12
13/03/1999;30;19;34;3;32
10/03/1999;6;23;33;1;4
10/03/1999;40;21;6;26;15
06/03/1999;21;26;30;24;44
06/03/1999;26;34;3;16;30
03/03/1999;38;17;1;35;16
03/03/1999;23;20;44;5;32
27/02/1999;31;19;36;6;15
27/02/1999;24;36;12;40;30
24/02/1999;16;12;13;11;29
24/02/1999;35;3;38;32;23
20/02/1999;39;27;43;16;45
20/02/1999;19;33;3;35;37
17/02/1999;39;9;36;20;1
17/02/1999;4;29;20;10;32
13/02/1999;3;10;45;20;27
13/02/1999;34;7;9;22;10
10/02/1999;12;3;27;11;13
10/02/1999;20;12;4;38;39
06/02/1999;27;41;6;34;39
06/02/1999;36;42;20;9;47
03/02/1999;21;45;38;20;15
03/02/1999;11;32;39;16;23
30/01/1999;19;15;33;16;7
30/01/1999;1;33;41;8;39
27/01/1999;40;1;38;2;47
27/01/1999;32;42;38;3;34
23/01/1999;35;4;29;18;1
23/01/1999;14;9;1;49;30
20/01/1999;34;4;46;36;3
20/01/1999;3;22;13;45;25
16/01/1999;19;48;34;21;15
16/01/1999;15;42;37;30;47
13/01/1999;8;22;11;6;49
13/01/1999;6;42;13;49;43
09/01/1999;25;14;41;35;23
09/01/1999;15;44;16;38;3
06/01/1999;19;28;33;3;10
06/01/1999;45;30;22;10;28
02/01/1999;16;27;2;42;32
02/01/1999;14;28;25;2;12
30/12/1998;15;33;18;23;13
30/12/1998;23;43;42;21;25
26/12/1998;15;18;30;21;39
26/12/1998;1;18;48;7;21
23/12/1998;13;16;38;42;46
23/12/1998;22;42;20;28;7
19/12/1998;48;23;24;31;20
19/12/1998;25;49;11;19;46
16/12/1998;24;14;21;42;15
16/12/1998;37;40;5;44;35
12/12/1998;28;6;1;2;4
12/12/1998;20;36;10;18;26
09/12/1998;16;34;11;24;26
09/12/1998;11;34;15;30;29
05/12/1998;44;9;5;46;12
05/12/1998;2;5;27;49;45
02/12/1998;15;24;38;40;21
02/12/1998;35;21;45;11;5
28/11/1998;35;18;44;24;2
28/11/1998;15;6;34;30;39
25/11/1998;17;16;4;9;38
25/11/1998;12;46;13;25;24
21/11/1998;24;19;9;41;1
21/11/1998;37;13;6;4;42
18/11/1998;5;37;49;17;8
18/11/1998;15;37;12;4;24
14/11/1998;15;30;33;21;6
14/11/1998;14;16;17;20;47
11/11/1998;8;42;39;34;24
11/11/1998;46;42;37;30;14
07/11/1998;15;10;29;25;30
07/11/1998;37;42;45;22;24
04/11/1998;43;17;46;42;38
04/11/1998;16;40;42;12;30
31/10/1998;3;1;43;38;9
31/10/1998;42;22;12;8;34
28/10/1998;18;31;23;36;25
28/10/1998;18;36;13;12;7
24/10/1998;12;3;27;37;33
24/10/1998;41;27;24;32;49
21/10/1998;26;15;11;8;47
21/10/1998;8;17;7;22;29
17/10/1998;35;47;28;30;4
17/10/1998;34;41;13;23;26
14/10/1998;36;16;15;26;4
14/10/1998;38;39;9;5;45
10/10/1998;36;37;44;16;41
10/10/1998;10;37;45;46;48
07/10/1998;16;24;32;26;44
07/10/1998;8;2;48;29;10
03/10/1998;12;37;36;22;5
03/10/1998;22;12;16;2;29
30/09/1998;2;45;11;47;36
30/09/1998;36;31;38;11;16
26/09/1998;32;26;28;10;42
26/09/1998;6;16;43;23;22
23/09/1998;27;19;40;9;22
23/09/1998;26;44;21;47;4
19/09/1998;46;48;31;25;38
19/09/1998;28;12;3;9;49
16/09/1998;10;22;36;26;38
16/09/1998;46;13;42;40;25
12/09/1998;2;46;18;20;39
12/09/1998;2;49;5;23;38
09/09/1998;25;36;32;47;26
09/09/1998;18;21;10;48;42
05/09/1998;16;31;27;30;22
05/09/1998;35;44;19;32;5
02/09/1998;1;27;29;49;46
02/09/1998;33;36;48;7;8
29/08/1998;23;31;5;9;20
29/08/1998;34;24;12;32;36
26/08/1998;43;16;12;15;49
26/08/1998;3;16;6;22;1
22/08/1998;37;40;49;4;30
22/08/1998;26;12;43;22;35
19/08/1998;24;49;14;12;47
19/08/1998;34;45;3;26;14
15/08/1998;39;21;29;28;40
15/08/1998;12;49;28;38;11
12/08/1998;25;30;47;10;26
12/08/1998;16;43;45;4;42
08/08/1998;27;16;7;39;29
08/08/1998;46;49;26;17;41
05/08/1998;41;19;29;8;3
05/08/1998;36;2;32;38;44
01/08/1998;19;40;14;4;20
01/08/1998;48;34;17;49;45
29/07/1998;16;31;14;29;28
29/07/1998;22;46;3;1;41
25/07/1998;24;40;8;27;21
25/07/1998;33;19;34;37;48
22/07/1998;29;21;10;33;7
22/07/1998;15;41;1;39;8
18/07/1998;46;41;10;17;30
18/07/1998;14;4;26;32;40
15/07/1998;9;48;45;43;28
15/07/1998;33;36;17;28;29
11/07/1998;10;2;1;9;31
11/07/1998;25;29;36;42;22
08/07/1998;45;7;21;20;14
08/07/1998;28;13;10;25;33
04/07/1998;33;47;8;20;15
04/07/1998;12;32;34;4;6
01/07/1998;25;42;35;46;49
01/07/1998;47;25;19;11;10
27/06/1998;48;9;4;18;2
27/06/1998;26;11;46;29;36
24/06/1998;25;33;23;43;20
24/06/1998;9;3;41;31;22
20/06/1998;15;42;10;5;3
20/06/1998;1;18;44;9;22
17/06/1998;24;41;5;33;22
17/06/1998;3;43;8;2;11
13/06/1998;15;24;48;1;42
13/06/1998;24;18;41;25;10
10/06/1998;32;4;11;6;1
10/06/1998;37;42;8;25;7
06/06/1998;31;35;28;14;47
06/06/1998;22;8;3;42;23
03/06/1998;46;2;14;23;35
03/06/1998;42;30;26;15;41
30/05/1998;20;23;24;40;47
30/05/1998;2;4;14;30;16
27/05/1998;41;21;34;32;13
27/05/1998;38;25;40;17;41
23/05/1998;1;23;25;2;4
23/05/1998;19;13;39;27;42
20/05/1998;16;31;39;3;5
20/05/1998;8;49;18;42;17
16/05/1998;6;24;21;37;30
16/05/1998;44;29;15;26;34
13/05/1998;21;38;30;43;24
13/05/1998;43;45;31;30;39
09/05/1998;13;23;49;15;21
09/05/1998;17;35;16;5;22
06/05/1998;28;35;13;19;43
06/05/1998;3;32;1;35;19
02/05/1998;13;46;49;38;37
02/05/1998;4;42;30;2;43
29/04/1998;33;16;43;27;12
29/04/1998;26;34;22;14;27
25/04/1998;16;20;32;14;25
25/04/1998;1;10;2;38;11
22/04/1998;13;8;4;32;28
22/04/1998;10;34;36;22;3
18/04/1998;36;10;9;27;19
18/04/1998;3;43;23;14;9
15/04/1998;11;40;30;28;5
15/04/1998;29;32;38;19;6
11/04/1998;22;38;46;16;5
11/04/1998;3;27;17;13;45
08/04/1998;36;3;48;33;47
08/04/1998;17;38;5;14;25
04/04/1998;40;17;7;26;44
04/04/1998;46;15;42;29;12
01/04/1998;41;31;30;13;45
01/04/1998;49;11;30;26;42
28/03/1998;20;32;41;7;23
28/03/1998;48;45;12;9;29
25/03/1998;43;42;18;27;28
25/03/1998;15;49;19;22;35
21/03/1998;5;31;28;48;13
21/03/1998;20;43;15;12;6
18/03/1998;35;22;2;7;6
18/03/1998;46;13;19;49;30
14/03/1998;43;45;46;15;29
14/03/1998;28;23;26;5;34
11/03/1998;16;5;20;38;21
11/03/1998;28;21;29;23;30
07/03/1998;10;18;37;47;40
07/03/1998;9;6;26;29;27
04/03/1998;33;43;12;41;45
04/03/1998;16;12;3;13;39
28/02/1998;10;37;16;44;22
28/02/1998;37;47;39;25;49
25/02/1998;46;29;30;28;13
25/02/1998;9;40;25;11;14
21/02/1998;19;10;11;29;31
21/02/1998;11;22;43;33;14
18/02/1998;23;13;49;8;30
18/02/1998;4;45;44;10;8
14/02/1998;32;41;1;28;36
14/02/1998;21;11;9;10;33
11/02/1998;34;27;18;46;35
11/02/1998;24;5;33;38;43
07/02/1998;28;1;30;29;10
07/02/1998;13;29;48;25;21
04/02/1998;44;31;36;43;6
04/02/1998;24;15;23;47;48
31/01/1998;39;22;49;14;34
31/01/1998;3;24;41;7;13
28/01/1998;23;35;26;39;7
28/01/1998;22;36;43;7;41
24/01/1998;40;44;26;18;13
24/01/1998;5;42;32;14;39
21/01/1998;22;1;7;33;16
21/01/1998;1;37;49;39;27
17/01/1998;30;6;39;21;42
17/01/1998;45;38;36;20;43
14/01/1998;34;19;4;32;7
14/01/1998;9;18;38;30;27
10/01/1998;17;7;13;36;49
10/01/1998;11;39;36;40;4
07/01/1998;41;15;14;42;13
07/01/1998;42;38;26;36;31
03/01/1998;22;17;12;4;44
03/01/1998;39;33;8;1;4
31/12/1997;41;15;31;19;32
31/12/1997;18;1;35;36;21
27/12/1997;28;2;16;39;9
27/12/1997;31;48;42;34;5
24/12/1997;24;22;32;23;9
24/12/1997;28;15;39;35;12
20/12/1997;39;16;3;23;18
20/12/1997;41;5;21;29;46
17/12/1997;19;15;5;31;43
17/12/1997;44;7;14;17;15
13/12/1997;5;27;34;9;3
13/12/1997;9;46;49;25;29
10/12/1997;29;13;46;25;32
10/12/1997;27;1;20;43;5
06/12/1997;39;4;30;7;42
06/12/1997;30;46;45;3;18
03/12/1997;6;9;27;34;1
03/12/1997;44;31;35;30;25
29/11/1997;33;31;10;39;11
29/11/1997;1;42;7;27;11
26/11/1997;18;23;47;42;16
26/11/1997;11;37;42;19;46
22/11/1997;34;9;26;1;20
22/11/1997;49;8;28;15;35
19/11/1997;40;39;22;35;43
19/11/1997;14;27;9;46;35
15/11/1997;39;33;20;37;25
15/11/1997;40;21;22;26;47
12/11/1997;18;14;30;24;4
12/11/1997;27;49;18;5;23
08/11/1997;47;32;41;35;17
08/11/1997;32;47;35;25;39
05/11/1997;49;37;41;24;20
05/11/1997;10;38;25;32;15
01/11/1997;31;3;33;29;19
01/11/1997;13;37;35;26;42
29/10/1997;24;5;30;43;47
29/10/1997;30;15;31;9;48
25/10/1997;49;23;16;13;4
25/10/1997;14;45;25;44;7
22/10/1997;3;17;6;37;29
22/10/1997;37;27;14;34;47
18/10/1997;36;11;21;41;39
18/10/1997;45;32;19;43;2
15/10/1997;39;46;18;45;40
15/10/1997;34;14;40;4;16
11/10/1997;33;7;17;16;27
11/10/1997;3;31;9;18;37
08/10/1997;18;21;36;1;34
08/10/1997;36;5;21;2;3
04/10/1997;43;32;35;7;5
04/10/1997;14;27;21;34;46
01/10/1997;35;30;3;17;27
01/10/1997;29;9;38;12;23
27/09/1997;40;28;1;30;10
27/09/1997;35;6;3;22;31
24/09/1997;36;44;13;3;41
24/09/1997;41;17;20;23;12
20/09/1997;2;44;21;25;19
20/09/1997;9;35;13;12;29
17/09/1997;10;48;46;36;22
17/09/1997;34;39;14;46;4
13/09/1997;20;48;6;17;49
13/09/1997;20;7;31;1;13
10/09/1997;41;22;17;1;37
10/09/1997;44;8;14;34;27
06/09/1997;25;43;3;37;41
06/09/1997;16;5;27;20;34
03/09/1997;45;31;9;24;16
03/09/1997;2;29;28;18;22
30/08/1997;25;4;41;29;26
30/08/1997;36;18;32;45;35
27/08/1997;41;31;13;34;8
27/08/1997;6;28;15;46;9
23/08/1997;6;5;26;38;42
23/08/1997;5;33;8;46;18
20/08/1997;45;1;44;3;38
20/08/1997;37;16;36;43;3
16/08/1997;16;1;11;6;39
16/08/1997;20;11;1;13;41
13/08/1997;20;33;40;29;14
13/08/1997;35;19;48;16;39
09/08/1997;37;2;10;1;12
09/08/1997;18;11;33;42;19
06/08/1997;4;33;32;35;10
06/08/1997;13;40;25;11;7
02/08/1997;39;6;24;7;31
02/08/1997;3;42;11;40;13
30/07/1997;29;4;15;34;39
30/07/1997;4;1;42;21;15
26/07/1997;16;32;9;39;4
26/07/1997;27;3;39;13;1
23/07/1997;42;6;46;15;34
23/07/1997;8;36;44;7;25
19/07/1997;44;23;26;1;22
19/07/1997;35;39;33;15;5
16/07/1997;46;45;11;18;30
16/07/1997;1;40;3;43;6
12/07/1997;34;9;36;47;24
12/07/1997;8;15;12;1;21
09/07/1997;23;30;21;1;9
09/07/1997;2;22;29;37;47
05/07/1997;43;39;13;22;30
05/07/1997;37;25;3;43;12
02/07/1997;33;37;8;7;2
02/07/1997;28;31;36;3;19
28/06/1997;48;24;28;6;1
28/06/1997;7;1;48;44;22
25/06/1997;40;11;45;26;44
25/06/1997;34;29;37;38;41
21/06/1997;34;14;35;36;49
21/06/1997;35;21;33;27;2
18/06/1997;46;45;48;9;27
18/06/1997;43;32;48;29;45
14/06/1997;5;40;14;1;21
14/06/1997;12;33;20;26;35
11/06/1997;36;35;49;41;16
11/06/1997;40;4;48;18;30
07/06/1997;21;27;17;10;42
07/06/1997;4;15;26;14;7
04/06/1997;34;32;28;1;40
04/06/1997;20;26;23;38;34
31/05/1997;18;30;1;12;7
31/05/1997;17;7;31;39;20
28/05/1997;19;43;1;48;6
28/05/1997;2;35;43;29;12
24/05/1997;19;39;20;35;18
24/05/1997;49;38;42;8;30
21/05/1997;39;33;2;46;49
21/05/1997;31;40;37;41;49
17/05/1997;11;18;15;4;31
17/05/1997;22;42;17;11;45
14/05/1997;20;13;48;24;41
14/05/1997;39;20;33;29;38
10/05/1997;44;20;16;27;7
10/05/1997;2;31;20;38;21
07/05/1997;34;11;31;27;22
07/05/1997;39;27;34;3;36
03/05/1997;38;20;39;27;41
03/05/1997;46;42;24;47;25
30/04/1997;44;22;6;41;20
30/04/1997;43;46;32;7;19
26/04/1997;49;8;3;31;30
26/04/1997;13;15;18;28;22
23/04/1997;18;43;17;12;4
23/04/1997;22;20;14;1;27
19/04/1997;40;15;19;32;26
19/04/1997;33;14;16;21;43
16/04/1997;32;45;8;31;22
16/04/1997;30;40;11;29;17
12/04/1997;2;4;8;28;35
12/04/1997;20;10;4;16;37
09/04/1997;20;42;22;4;18
09/04/1997;32;45;23;9;26
05/04/1997;37;31;47;34;2
05/04/1997;25;49;13;48;15
02/04/1997;33;21;43;19;40
02/04/1997;41;28;4;45;16
29/03/1997;44;29;20;16;48
29/03/1997;25;28;42;8;47
26/03/1997;42;41;22;21;29
26/03/1997;4;37;47;28;14
22/03/1997;21;39;22;15;19
22/03/1997;49;12;13;16;4
19/03/1997;7;13;35;24;9
19/03/1997;38;20;27;43;35
15/03/1997;10;8;27;19;36
15/03/1997;15;32;39;23;48
12/03/1997;1;37;11;40;16
12/03/1997;37;48;12;9;13
08/03/1997;40;41;33;21;49
08/03/1997;37;34;31;40;23
05/03/1997;29;8;26;27;41
05/03/1997;5;4;2;38;40
01/03/1997;21;38;42;24;7
01/03/1997;36;35;43;30;5
26/02/1997;33;34;19;7;49
26/02/1997;27;13;48;7;33
22/02/1997;45;7;28;14;36
22/02/1997;13;9;46;5;41
19/02/1997;32;7;16;17;3
19/02/1997;47;10;19;20;24
15/02/1997;27;25;28;30;24
15/02/1997;45;3;37;16;13
12/02/1997;25;47;7;32;16
12/02/1997;19;27;30;31;4
08/02/1997;22;38;24;40;37
08/02/1997;10;17;26;47;28
05/02/1997;39;28;17;8;41
05/02/1997;34;46;42;37;8
01/02/1997;12;35;7;30;47
01/02/1997;11;39;24;14;45
29/01/1997;3;21;4;36;26
29/01/1997;45;8;14;7;26
25/01/1997;26;32;14;5;29
25/01/1997;45;43;3;30;21
22/01/1997;32;40;43;47;24
22/01/1997;29;14;45;8;37
18/01/1997;28;13;17;29;7
18/01/1997;20;45;33;40;22
15/01/1997;1;31;35;20;48
15/01/1997;11;40;45;14;42
11/01/1997;37;26;28;16;31
11/01/1997;20;35;36;25;4
08/01/1997;26;31;35;49;14
08/01/1997;14;16;15;40;25
04/01/1997;33;23;15;18;43
04/01/1997;25;39;2;3;48
01/01/1997;13;44;25;36;32
01/01/1997;27;26;9;23;43
28/12/1996;17;24;21;41;32
28/12/1996;25;28;21;23;46
25/12/1996;22;43;42;30;33
25/12/1996;41;28;37;18;35
21/12/1996;8;3;26;7;13
21/12/1996;11;42;33;23;30
18/12/1996;42;46;44;36;6
18/12/1996;32;17;5;16;27
14/12/1996;25;11;19;5;1
14/12/1996;2;45;44;30;11
11/12/1996;14;40;30;28;46
11/12/1996;46;27;4;13;30
07/12/1996;24;2;21;27;16
07/12/1996;25;21;3;28;27
04/12/1996;3;40;45;21;34
04/12/1996;33;40;22;37;36
30/11/1996;12;45;19;39;31
30/11/1996;49;43;6;30;48
27/11/1996;10;41;17;49;31
27/11/1996;46;32;7;31;25
23/11/1996;46;32;25;12;40
23/11/1996;6;34;19;28;11
20/11/1996;26;37;4;47;18
20/11/1996;20;1;34;45;28
16/11/1996;44;13;18;7;38
16/11/1996;39;20;16;26;24
13/11/1996;31;20;3;25;11
13/11/1996;2;45;12;7;10
09/11/1996;27;36;11;10;43
09/11/1996;16;25;48;14;15
06/11/1996;32;46;34;49;1
06/11/1996;17;49;38;39;27
02/11/1996;22;19;25;31;39
02/11/1996;27;42;48;2;34
30/10/1996;34;44;3;33;15
30/10/1996;8;30;43;34;19
26/10/1996;41;16;26;10;17
26/10/1996;49;21;28;4;37
23/10/1996;28;43;42;40;33
23/10/1996;21;11;23;46;25
19/10/1996;42;48;16;12;45
19/10/1996;30;34;21;40;3
16/10/1996;41;17;23;12;44
16/10/1996;41;34;28;47;19
12/10/1996;39;20;9;45;36
12/10/1996;48;35;30;42;41
09/10/1996;35;3;8;12;32
09/10/1996;9;7;14;41;44
05/10/1996;40;37;31;43;1
05/10/1996;6;16;25;17;49
02/10/1996;38;1;42;6;15
02/10/1996;47;6;46;20;11
28/09/1996;14;11;31;37;20
28/09/1996;35;4;22;40;12
25/09/1996;16;23;3;32;4
25/09/1996;28;36;40;10;19
21/09/1996;30;34;20;8;12
21/09/1996;39;4;5;43;41
18/09/1996;49;36;30;33;11
18/09/1996;40;39;21;47;11
14/09/1996;39;45;48;13;3
14/09/1996;4;13;7;42;36
11/09/1996;11;19;14;16;46
11/09/1996;20;25;43;8;37
07/09/1996;28;6;13;42;47
07/09/1996;16;17;8;26;23
04/09/1996;46;49;25;30;37
04/09/1996;32;44;45;38;9
31/08/1996;45;32;11;21;1
31/08/1996;41;47;36;5;17
28/08/1996;40;48;31;5;34
28/08/1996;37;27;33;32;49
24/08/1996;2;27;4;15;39
24/08/1996;41;12;34;25;36
21/08/1996;27;25;6;40;18
21/08/1996;9;32;26;47;1
17/08/1996;23;21;4;41;42
17/08/1996;31;16;28;13;14
14/08/1996;34;16;40;46;11
14/08/1996;45;25;18;12;13
10/08/1996;25;26;46;9;1
10/08/1996;5;42;1;44;21
07/08/1996;34;10;44;18;47
07/08/1996;49;36;17;43;37
03/08/1996;11;10;30;16;25
03/08/1996;39;44;28;23;25
31/07/1996;39;20;3;32;4
31/07/1996;14;24;18;35;30
27/07/1996;43;10;33;6;41
27/07/1996;43;7;10;46;26
24/07/1996;14;2;24;43;27
24/07/1996;7;22;4;1;8
20/07/1996;32;4;30;26;29
20/07/1996;9;18;43;40;17
17/07/1996;6;49;39;27;40
17/07/1996;39;1;25;46;21
13/07/1996;46;25;33;47;31
13/07/1996;41;7;22;31;15
10/07/1996;26;18;21;24;17
10/07/1996;19;43;13;10;18
06/07/1996;41;25;7;13;20
06/07/1996;16;35;34;7;19
03/07/1996;4;38;29;15;27
03/07/1996;33;38;42;37;27
29/06/1996;31;10;36;13;44
29/06/1996;3;44;14;25;10
26/06/1996;1;20;25;6;11
26/06/1996;27;29;49;7;10
22/06/1996;21;16;23;41;43
22/06/1996;45;10;28;19;8
19/06/1996;28;43;20;29;30
19/06/1996;6;47;13;44;7
15/06/1996;5;36;13;40;6
15/06/1996;38;42;45;35;20
12/06/1996;10;47;48;14;11
12/06/1996;27;13;30;48;24
08/06/1996;5;33;7;39;31
08/06/1996;19;7;3;49;39
05/06/1996;41;25;11;27;4
05/06/1996;6;34;29;3;14
01/06/1996;8;28;10;49;42
01/06/1996;31;19;21;20;6
29/05/1996;5;14;42;19;40
29/05/1996;23;3;22;35;21
25/05/1996;35;21;4;11;38
25/05/1996;15;6;14;20;10
22/05/1996;17;29;46;45;6
22/05/1996;1;38;2;24;13
18/05/1996;10;5;48;39;11
18/05/1996;39;17;46;43;8
15/05/1996;24;32;18;36;27
15/05/1996;36;48;43;2;16
11/05/1996;39;43;30;38;5
11/05/1996;12;19;27;38;43
08/05/1996;31;20;37;19;11
08/05/1996;22;33;14;9;47
04/05/1996;42;18;32;46;7
04/05/1996;31;7;1;48;2
01/05/1996;18;17;31;13;14
01/05/1996;30;12;9;16;49
27/04/1996;30;29;38;48;5
27/04/1996;8;15;22;23;26
24/04/1996;11;46;45;32;2
24/04/1996;20;5;18;48;17
20/04/1996;4;48;31;10;35
20/04/1996;2;12;43;47;45
17/04/1996;11;41;39;28;38
17/04/1996;12;18;13;31;1
13/04/1996;34;44;36;46;12
13/04/1996;47;5;31;38;39
10/04/1996;42;28;17;4;1
10/04/1996;31;49;26;15;11
06/04/1996;42;47;19;4;8
06/04/1996;22;49;35;1;13
03/04/1996;8;7;5;39;38
03/04/1996;7;20;34;25;26
30/03/1996;49;34;17;18;44
30/03/1996;46;15;30;43;22
27/03/1996;39;49;33;23;9
27/03/1996;28;2;18;47;32
23/03/1996;5;21;18;29;42
23/03/1996;4;41;15;47;35
20/03/1996;46;11;26;6;32
20/03/1996;44;43;46;23;28
16/03/1996;44;34;26;48;3
16/03/1996;29;23;28;39;24
13/03/1996;38;12;15;47;44
13/03/1996;36;10;16;20;48
09/03/1996;19;32;24;1;49
09/03/1996;11;4;30;22;12
06/03/1996;14;15;36;29;39
06/03/1996;37;26;46;21;8
02/03/1996;20;41;31;42;13
02/03/1996;12;4;21;39;31
28/02/1996;32;8;15;5;9
28/02/1996;13;24;31;23;17
24/02/1996;33;12;49;4;18
24/02/1996;13;1;8;2;23
21/02/1996;40;21;32;18;4
21/02/1996;43;9;48;30;46
17/02/1996;9;35;18;6;8
17/02/1996;21;32;27;47;2
14/02/1996;37;30;13;35;36
14/02/1996;1;41;13;14;10
10/02/1996;28;23;26;49;29
10/02/1996;17;21;15;3;6
07/02/1996;10;32;16;36;39
07/02/1996;9;37;43;1;20
03/02/1996;43;34;12;9;42
03/02/1996;45;37;24;27;20
31/01/1996;12;47;37;20;42
31/01/1996;7;6;12;17;34
27/01/1996;38;41;45;47;44
27/01/1996;19;40;2;24;27
24/01/1996;13;31;10;28;34
24/01/1996;6;4;32;47;45
20/01/1996;30;10;36;26;17
20/01/1996;13;48;28;45;21
17/01/1996;32;20;7;13;18
17/01/1996;48;25;15;46;4
13/01/1996;36;11;23;26;46
13/01/1996;28;35;2;45;26
10/01/1996;43;1;34;35;32
10/01/1996;5;8;16;4;46
06/01/1996;21;14;26;9;38
06/01/1996;16;44;36;13;27
03/01/1996;14;21;8;19;30
03/01/1996;17;34;16;37;11
30/12/1995;48;23;16;40;25
30/12/1995;35;7;3;22;6
27/12/1995;37;42;10;41;43
27/12/1995;47;30;33;40;2
23/12/1995;45;42;36;32;39
23/12/1995;25;22;27;38;2
20/12/1995;4;15;43;10;21
20/12/1995;12;8;38;22;45
16/12/1995;14;36;32;8;18
16/12/1995;8;37;28;31;22
13/12/1995;41;13;39;14;47
13/12/1995;41;22;32;18;4
09/12/1995;13;44;22;46;3
09/12/1995;49;20;12;42;28
06/12/1995;48;43;37;22;20
06/12/1995;27;36;33;15;29
02/12/1995;11;49;34;28;24
02/12/1995;25;2;4;22;5
29/11/1995;32;35;20;29;8
29/11/1995;44;30;37;31;45
25/11/1995;38;27;49;6;2
25/11/1995;2;4;40;17;7
22/11/1995;25;27;42;4;39
22/11/1995;15;28;5;36;30
18/11/1995;12;28;39;29;11
18/11/1995;16;34;22;39;8
15/11/1995;45;25;1;16;37
15/11/1995;18;19;36;20;25
11/11/1995;5;20;7;4;22
11/11/1995;27;32;12;15;20
08/11/1995;40;6;38;45;28
08/11/1995;16;35;38;47;28
04/11/1995;2;5;42;25;9
04/11/1995;38;23;7;43;48
01/11/1995;3;15;24;37;23
01/11/1995;21;40;6;33;13
28/10/1995;3;45;35;48;33
28/10/1995;9;29;40;16;1
25/10/1995;48;29;41;39;15
25/10/1995;2;12;33;6;24
21/10/1995;12;37;4;24;1
21/10/1995;44;34;21;45;6
18/10/1995;33;39;3;24;38
18/10/1995;3;8;22;23;31
14/10/1995;21;25;38;5;16
14/10/1995;16;31;49;41;44
11/10/1995;32;23;19;24;10
11/10/1995;24;9;41;21;10
07/10/1995;3;49;31;41;15
07/10/1995;6;10;15;24;4
04/10/1995;9;43;17;45;25
04/10/1995;35;6;29;31;12
30/09/1995;32;5;12;18;49
30/09/1995;22;32;13;31;14
27/09/1995;27;22;20;40;42
27/09/1995;37;29;33;16;41
23/09/1995;27;43;49;44;18
23/09/1995;14;19;47;2;40
20/09/1995;12;46;22;7;40
20/09/1995;6;32;30;42;41
16/09/1995;42;7;29;44;17
16/09/1995;23;4;15;29;13
13/09/1995;11;6;25;13;46
13/09/1995;17;14;35;5;41
09/09/1995;22;23;35;39;38
09/09/1995;15;14;39;9;34
06/09/1995;23;3;24;25;4
06/09/1995;16;7;42;26;43
02/09/1995;43;16;23;41;33
02/09/1995;48;46;14;10;36
30/08/1995;20;38;37;26;2
30/08/1995;19;33;40;47;36
26/08/1995;7;6;21;27;44
26/08/1995;10;36;1;18;27
23/08/1995;35;14;3;7;24
23/08/1995;17;37;46;33;16
19/08/1995;1;24;11;21;27
19/08/1995;48;1;21;35;46
16/08/1995;13;26;24;47;39
16/08/1995;37;10;7;14;48
12/08/1995;38;19;5;39;32
12/08/1995;23;40;42;13;41
09/08/1995;44;22;24;18;15
09/08/1995;29;41;34;33;5
05/08/1995;43;1;18;14;24
05/08/1995;43;12;41;27;11
02/08/1995;42;35;10;3;6
02/08/1995;26;17;4;8;12
29/07/1995;35;37;31;39;19
29/07/1995;30;21;42;37;34
26/07/1995;39;48;34;19;23
26/07/1995;2;26;38;46;16
22/07/1995;30;10;20;31;3
22/07/1995;20;21;44;46;5
19/07/1995;47;35;49;33;13
19/07/1995;18;41;25;1;13
15/07/1995;36;10;38;24;27
15/07/1995;36;48;21;23;22
12/07/1995;31;39;19;5;43
12/07/1995;22;12;29;41;7
08/07/1995;4;27;14;10;42
08/07/1995;2;49;39;41;45
05/07/1995;32;44;41;17;22
05/07/1995;32;42;17;13;45
01/07/1995;36;5;48;13;49
01/07/1995;26;38;4;15;42
28/06/1995;5;31;7;36;18
28/06/1995;47;39;18;40;34
24/06/1995;23;7;5;48;46
24/06/1995;30;18;24;19;28
21/06/1995;19;5;41;25;27
21/06/1995;22;15;45;11;6
17/06/1995;11;16;3;46;1
17/06/1995;32;44;40;24;25
14/06/1995;11;46;36;35;26
14/06/1995;42;44;39;41;6
10/06/1995;44;40;10;22;27
10/06/1995;15;32;46;40;2
07/06/1995;44;27;24;15;14
07/06/1995;43;40;23;2;5
03/06/1995;49;45;14;34;2
03/06/1995;24;13;9;47;10
31/05/1995;19;14;2;32;1
31/05/1995;47;17;27;39;29
27/05/1995;25;26;38;12;24
27/05/1995;1;7;18;6;39
24/05/1995;29;11;7;17;39
24/05/1995;14;22;19;41;21
20/05/1995;49;8;26;31;37
20/05/1995;26;24;49;27;15
17/05/1995;28;42;9;33;22
17/05/1995;25;22;43;8;34
13/05/1995;32;7;37;16;19
13/05/1995;24;1;47;30;16
10/05/1995;39;7;5;36;48
10/05/1995;8;24;4;22;25
06/05/1995;19;24;12;4;29
06/05/1995;17;2;36;43;40
03/05/1995;41;22;16;19;27
03/05/1995;41;5;20;48;16
29/04/1995;4;32;10;44;15
29/04/1995;16;13;6;2;19
26/04/1995;5;1;43;47;39
26/04/1995;16;4;34;44;48
22/04/1995;13;23;37;3;44
22/04/1995;12;35;7;37;10
19/04/1995;42;24;37;1;8
19/04/1995;3;20;23;47;30
15/04/1995;48;10;36;43;49
15/04/1995;29;8;31;15;34
12/04/1995;47;33;20;44;19
12/04/1995;32;28;14;29;16
08/04/1995;19;47;23;10;41
08/04/1995;24;13;6;39;20
05/04/1995;13;27;41;2;42
05/04/1995;40;4;34;23;44
01/04/1995;9;29;44;14;17
01/04/1995;23;49;21;43;5
29/03/1995;6;41;46;4;30
29/03/1995;32;19;31;25;5
25/03/1995;6;25;26;34;36
25/03/1995;33;7;10;48;22
22/03/1995;43;7;27;42;28
22/03/1995;12;49;48;22;28
18/03/1995;5;34;13;29;1
18/03/1995;47;1;6;45;16
15/03/1995;44;8;46;16;17
15/03/1995;4;45;30;7;34
11/03/1995;10;17;16;1;27
11/03/1995;6;24;12;19;43
08/03/1995;32;34;11;40;19
08/03/1995;21;47;40;26;41
04/03/1995;25;27;48;3;1
04/03/1995;38;21;12;40;24
01/03/1995;22;13;46;6;39
01/03/1995;3;16;33;19;31
25/02/1995;11;46;30;38;25
25/02/1995;13;32;30;14;5
22/02/1995;27;43;36;30;19
22/02/1995;5;30;1;44;36
18/02/1995;48;2;43;8;18
18/02/1995;11;2;42;12;39
15/02/1995;41;27;7;1;4
15/02/1995;37;34;38;15;16
11/02/1995;10;28;12;25;43
11/02/1995;19;14;10;12;9
08/02/1995;12;7;18;6;39
08/02/1995;7;48;31;26;32
04/02/1995;35;49;20;13;36
04/02/1995;13;23;14;11;35
01/02/1995;9;31;10;48;18
01/02/1995;39;49;37;40;9
28/01/1995;42;47;45;49;30
28/01/1995;32;30;16;27;20
25/01/1995;42;5;33;13;19
25/01/1995;19;14;29;16;6
21/01/1995;7;28;40;41;4
21/01/1995;48;6;7;38;13
18/01/1995;19;27;37;26;10
18/01/1995;10;29;34;37;16
14/01/1995;43;5;47;18;44
14/01/1995;44;48;35;43;8
11/01/1995;41;7;17;48;4
11/01/1995;16;37;47;5;43
07/01/1995;25;23;36;9;48
07/01/1995;47;20;9;29;21
04/01/1995;38;21;49;44;34
04/01/1995;44;21;15;49;13
31/12/1994;33;24;16;46;21
31/12/1994;15;19;24;44;35
28/12/1994;32;48;6;38;36
28/12/1994;39;43;11;29;45
24/12/1994;23;2;28;6;14
24/12/1994;22;15;30;47;19
21/12/1994;16;18;45;4;23
21/12/1994;29;39;43;4;41
17/12/1994;44;34;43;31;17
17/12/1994;49;10;21;6;1
14/12/1994;34;33;44;41;36
14/12/1994;4;42;30;45;41
10/12/1994;27;11;42;48;18
10/12/1994;31;4;38;37;18
07/12/1994;16;38;19;30;4
07/12/1994;11;49;36;15;9
03/12/1994;49;38;25;17;8
03/12/1994;24;36;1;9;17
30/11/1994;9;19;38;18;36
30/11/1994;22;2;16;13;9
26/11/1994;40;42;24;32;23
26/11/1994;40;41;2;49;12
23/11/1994;27;2;33;15;7
23/11/1994;15;38;25;16;1
19/11/1994;2;41;31;46;20
19/11/1994;6;35;37;48;29
16/11/1994;13;36;31;48;4
16/11/1994;13;22;32;34;14
12/11/1994;21;34;41;31;49
12/11/1994;4;46;44;48;16
09/11/1994;19;4;22;41;18
09/11/1994;15;32;49;1;11
05/11/1994;48;8;13;20;18
05/11/1994;17;38;13;8;2
02/11/1994;46;48;36;40;18
02/11/1994;1;33;46;43;13
29/10/1994;7;9;18;16;43
29/10/1994;31;9;46;41;13
26/10/1994;44;9;49;28;11
26/10/1994;8;39;34;6;47
22/10/1994;14;25;33;44;27
22/10/1994;48;19;2;16;49
19/10/1994;8;24;39;41;4
19/10/1994;38;10;32;27;17
15/10/1994;14;37;21;27;38
15/10/1994;49;29;5;33;39
12/10/1994;39;15;22;12;24
12/10/1994;37;28;20;47;7
08/10/1994;37;39;43;24;23
08/10/1994;40;19;14;33;12
05/10/1994;7;16;38;3;2
05/10/1994;23;47;5;6;27
01/10/1994;14;47;31;9;38
01/10/1994;6;13;43;21;28
28/09/1994;46;8;37;31;38
28/09/1994;12;33;32;9;4
24/09/1994;31;35;48;12;44
24/09/1994;20;6;9;41;45
21/09/1994;4;7;26;31;21
21/09/1994;14;15;39;45;20
17/09/1994;46;10;49;14;24
17/09/1994;38;28;27;34;17
14/09/1994;16;8;47;10;31
14/09/1994;17;39;21;28;26
10/09/1994;46;15;20;1;33
10/09/1994;42;27;19;1;31
07/09/1994;26;1;6;5;43
07/09/1994;22;13;19;41;42
03/09/1994;4;26;15;48;9
03/09/1994;2;9;22;49;31
31/08/1994;19;11;1;46;15
31/08/1994;47;12;1;30;37
27/08/1994;12;21;13;11;18
27/08/1994;13;46;25;31;17
24/08/1994;34;29;8;15;48
24/08/1994;48;6;5;34;13
20/08/1994;18;23;2;24;38
20/08/1994;38;2;19;44;41
17/08/1994;25;49;12;18;15
17/08/1994;45;43;18;19;49
13/08/1994;23;30;13;7;38
13/08/1994;4;6;17;27;42
10/08/1994;43;41;20;22;38
10/08/1994;9;13;32;26;29
06/08/1994;1;28;46;18;36
06/08/1994;49;26;36;9;24
03/08/1994;20;30;48;25;36
03/08/1994;46;23;15;48;25
30/07/1994;31;38;36;23;4
30/07/1994;24;19;18;32;41
27/07/1994;45;1;37;33;12
27/07/1994;45;21;3;13;15
23/07/1994;34;7;2;21;18
23/07/1994;42;29;30;35;38
20/07/1994;10;13;24;49;30
20/07/1994;16;42;22;3;49
16/07/1994;45;13;10;30;27
16/07/1994;18;19;27;42;35
13/07/1994;47;32;39;33;2
13/07/1994;28;31;22;18;34
09/07/1994;19;12;15;17;36
09/07/1994;48;16;12;46;22
06/07/1994;17;8;22;7;38
06/07/1994;37;20;34;15;12
02/07/1994;32;20;31;14;3
02/07/1994;26;30;18;11;48
29/06/1994;35;28;5;18;19
29/06/1994;36;1;8;9;44
25/06/1994;3;36;7;24;49
25/06/1994;17;23;16;18;42
22/06/1994;39;17;10;34;33
22/06/1994;4;33;9;39;35
18/06/1994;9;37;38;29;2
18/06/1994;9;40;29;8;7
15/06/1994;18;5;41;49;3
15/06/1994;47;7;5;24;12
11/06/1994;1;20;18;44;38
11/06/1994;44;26;48;40;15
08/06/1994;39;41;7;15;46
08/06/1994;37;28;12;19;46
04/06/1994;45;9;26;6;13
04/06/1994;26;13;46;11;47
01/06/1994;20;48;7;6;24
01/06/1994;11;29;23;28;42
28/05/1994;49;29;19;41;6
28/05/1994;32;16;35;31;1
25/05/1994;28;10;27;26;46
25/05/1994;27;43;36;35;3
21/05/1994;15;25;2;11;19
21/05/1994;21;37;47;8;41
18/05/1994;10;9;25;33;12
18/05/1994;13;42;6;3;41
14/05/1994;12;36;26;21;11
14/05/1994;21;17;15;5;13
11/05/1994;11;38;19;3;31
11/05/1994;43;37;13;8;45
07/05/1994;9;36;10;1;33
07/05/1994;49;40;28;17;32
04/05/1994;6;2;26;8;20
04/05/1994;16;42;9;45;28
30/04/1994;33;32;36;21;27
30/04/1994;49;30;47;3;27
27/04/1994;1;39;23;11;44
27/04/1994;26;4;24;5;48
23/04/1994;33;45;1;20;34
23/04/1994;39;17;28;46;38
20/04/1994;10;33;12;34;4
20/04/1994;30;12;48;34;4
16/04/1994;6;13;35;43;31
16/04/1994;17;21;19;16;7
13/04/1994;26;5;32;2;6
13/04/1994;26;4;11;21;43
09/04/1994;25;7;4;48;6
09/04/1994;39;29;23;13;12
06/04/1994;12;17;32;1;7
06/04/1994;28;36;16;31;29
02/04/1994;1;36;46;13;43
02/04/1994;3;45;31;15;32
30/03/1994;4;36;15;11;13
30/03/1994;13;43;42;45;44
26/03/1994;31;13;47;24;6
26/03/1994;47;27;17;6;34
23/03/1994;33;25;49;27;34
23/03/1994;45;2;40;16;22
19/03/1994;15;32;7;16;39
19/03/1994;49;1;19;18;47
16/03/1994;42;21;35;41;48
16/03/1994;42;1;32;47;41
12/03/1994;46;25;21;8;13
12/03/1994;44;47;5;35;20
09/03/1994;23;32;46;35;6
09/03/1994;32;39;38;43;44
05/03/1994;20;45;49;26;37
05/03/1994;7;20;26;39;28
02/03/1994;10;32;7;33;24
02/03/1994;38;19;37;44;9
26/02/1994;22;36;5;2;38
26/02/1994;44;41;15;33;45
23/02/1994;13;1;30;47;3
23/02/1994;39;22;38;10;36
19/02/1994;29;39;32;28;27
19/02/1994;38;12;43;31;24
16/02/1994;42;43;21;23;8
16/02/1994;49;14;25;15;19
12/02/1994;49;4;13;6;2
12/02/1994;7;11;17;30;1
09/02/1994;1;4;24;25;22
09/02/1994;34;24;41;3;18
05/02/1994;26;14;23;18;43
05/02/1994;19;43;6;5;1
02/02/1994;45;10;11;28;22
02/02/1994;23;4;36;19;29
29/01/1994;24;26;23;41;36
29/01/1994;43;3;14;11;6
26/01/1994;22;16;20;1;4
26/01/1994;15;39;6;16;29
22/01/1994;45;42;19;12;25
22/01/1994;42;30;25;35;10
19/01/1994;39;24;19;46;6
19/01/1994;18;13;35;19;45
15/01/1994;43;10;47;19;44
15/01/1994;29;3;5;13;8
12/01/1994;27;41;40;43;44
12/01/1994;12;13;14;35;36
08/01/1994;44;9;23;29;19
08/01/1994;27;43;32;24;48
05/01/1994;4;8;26;14;38
05/01/1994;27;32;26;6;39
01/01/1994;38;39;33;30;17
01/01/1994;25;11;22;2;28
29/12/1993;12;39;21;45;32
29/12/1993;7;27;6;38;33
25/12/1993;8;43;40;12;2
25/12/1993;10;49;27;33;36
22/12/1993;45;4;24;43;37
22/12/1993;15;32;12;21;2
18/12/1993;17;20;47;29;39
18/12/1993;49;23;6;24;17
15/12/1993;13;33;5;46;21
15/12/1993;23;1;37;34;42
11/12/1993;38;15;40;46;19
11/12/1993;35;43;40;27;32
08/12/1993;2;21;25;9;5
08/12/1993;14;44;3;11;40
04/12/1993;23;20;36;46;14
04/12/1993;19;8;2;27;21
01/12/1993;2;8;24;10;26
01/12/1993;19;12;13;41;40
27/11/1993;3;45;35;18;49
27/11/1993;49;43;41;7;38
24/11/1993;11;35;8;14;20
24/11/1993;24;22;40;25;42
20/11/1993;9;39;17;29;47
20/11/1993;33;2;4;36;3
17/11/1993;49;41;24;33;46
17/11/1993;23;7;9;27;26
13/11/1993;35;26;33;11;49
13/11/1993;6;4;20;39;31
10/11/1993;30;40;45;10;22
10/11/1993;40;45;35;21;5
06/11/1993;21;38;33;14;49
06/11/1993;49;6;18;44;40
03/11/1993;14;38;6;43;20
03/11/1993;46;19;24;3;48
30/10/1993;9;17;19;36;13
30/10/1993;42;38;11;10;14
27/10/1993;13;22;43;16;15
27/10/1993;2;33;14;1;34
23/10/1993;46;15;27;28;25
23/10/1993;6;13;35;24;20
20/10/1993;39;9;27;15;26
20/10/1993;18;49;14;23;38
16/10/1993;49;4;47;9;45
16/10/1993;18;39;29;9;7
13/10/1993;43;48;32;11;13
13/10/1993;18;29;4;15;42
09/10/1993;45;32;13;18;43
09/10/1993;31;44;2;41;49
06/10/1993;46;9;14;1;35
06/10/1993;30;46;3;7;39
02/10/1993;39;40;15;9;27
02/10/1993;43;10;29;1;27
29/09/1993;41;9;31;11;10
29/09/1993;5;47;39;44;23
25/09/1993;15;13;27;12;11
25/09/1993;5;44;45;7;17
22/09/1993;44;22;1;7;24
22/09/1993;4;10;7;38;11
18/09/1993;29;37;25;33;13
18/09/1993;49;36;18;17;32
15/09/1993;32;34;29;43;45
15/09/1993;30;35;9;44;19
11/09/1993;10;31;47;38;14
11/09/1993;14;32;36;11;7
08/09/1993;40;10;49;47;15
08/09/1993;1;42;22;23;43
04/09/1993;38;1;7;5;49
04/09/1993;47;36;46;32;37
01/09/1993;29;19;8;44;23
01/09/1993;1;38;12;7;14
28/08/1993;37;30;27;18;49
28/08/1993;21;3;47;35;17
25/08/1993;39;46;44;12;22
25/08/1993;15;17;3;1;2
21/08/1993;4;28;40;46;10
21/08/1993;9;7;44;48;20
18/08/1993;8;35;39;14;20
18/08/1993;12;49;45;30;24
14/08/1993;44;30;9;17;41
14/08/1993;27;47;20;31;8
11/08/1993;8;14;34;49;6
11/08/1993;9;46;10;26;18
07/08/1993;7;46;35;22;48
07/08/1993;27;48;17;4;20
04/08/1993;3;24;34;45;44
04/08/1993;44;21;4;8;45
31/07/1993;8;26;9;35;5
31/07/1993;3;4;26;19;43
28/07/1993;48;3;49;20;7
28/07/1993;31;25;8;19;44
24/07/1993;44;13;42;26;38
24/07/1993;23;42;45;30;33
21/07/1993;34;35;23;43;24
21/07/1993;20;49;9;40;32
17/07/1993;35;36;29;31;37
17/07/1993;10;23;34;40;48
14/07/1993;46;7;45;9;38
14/07/1993;43;12;9;2;10
10/07/1993;40;20;25;49;45
10/07/1993;45;32;4;8;3
07/07/1993;37;25;35;32;8
07/07/1993;37;34;28;36;48
03/07/1993;5;2;42;20;27
03/07/1993;15;47;42;11;13
30/06/1993;22;20;11;28;44
30/06/1993;34;14;11;36;26
26/06/1993;16;31;2;4;28
26/06/1993;22;24;21;47;40
23/06/1993;23;17;16;48;12
23/06/1993;6;40;32;13;38
19/06/1993;2;40;16;46;8
19/06/1993;39;42;22;37;9
16/06/1993;29;34;25;15;14
16/06/1993;14;31;27;45;35
12/06/1993;34;40;48;44;28
12/06/1993;10;47;33;39;42
09/06/1993;18;33;39;44;4
09/06/1993;6;47;11;34;42
05/06/1993;19;15;2;45;49
05/06/1993;3;30;9;46;19
02/06/1993;30;18;47;14;31
02/06/1993;37;6;5;1;46
29/05/1993;36;18;17;16;20
29/05/1993;33;39;1;42;8
26/05/1993;2;39;35;3;6
26/05/1993;23;3;16;47;35
22/05/1993;43;36;6;49;31
22/05/1993;28;6;22;19;20
19/05/1993;40;45;4;23;8
19/05/1993;2;27;12;43;28
15/05/1993;21;47;1;28;6
15/05/1993;21;39;22;6;44
12/05/1993;17;40;21;34;27
12/05/1993;11;16;49;22;21
08/05/1993;9;8;34;36;15
08/05/1993;1;31;20;30;11
05/05/1993;15;37;26;11;20
05/05/1993;6;40;46;27;21
01/05/1993;25;6;34;16;7
01/05/1993;29;45;15;7;33
28/04/1993;27;30;16;37;49
28/04/1993;47;45;43;4;27
24/04/1993;41;14;38;29;4
24/04/1993;1;27;10;22;13
21/04/1993;19;13;37;38;17
21/04/1993;36;45;25;12;42
17/04/1993;9;48;31;43;34
17/04/1993;39;30;23;14;16
14/04/1993;4;30;12;9;23
14/04/1993;35;4;15;30;46
10/04/1993;42;40;16;25;28
10/04/1993;47;39;45;12;37
07/04/1993;11;37;35;7;33
07/04/1993;28;15;23;7;19
03/04/1993;5;49;14;26;38
03/04/1993;23;40;36;5;32
31/03/1993;17;7;22;3;39
31/03/1993;13;44;22;40;11
27/03/1993;25;18;42;39;32
27/03/1993;19;10;40;3;22
24/03/1993;49;14;13;18;4
24/03/1993;19;27;30;17;12
20/03/1993;42;38;30;6;46
20/03/1993;8;25;49;21;5
17/03/1993;40;43;38;28;19
17/03/1993;8;41;2;14;11
13/03/1993;20;3;23;39;18
13/03/1993;3;33;15;43;47
10/03/1993;34;30;42;20;35
10/03/1993;31;12;49;23;43
06/03/1993;12;36;29;16;37
06/03/1993;7;26;47;27;16
03/03/1993;36;30;32;47;28
03/03/1993;11;2;37;25;18
27/02/1993;9;28;18;13;30
27/02/1993;19;7;25;20;4
24/02/1993;14;39;6;41;16
24/02/1993;27;44;23;32;31
20/02/1993;8;17;25;45;23
20/02/1993;10;6;48;42;8
17/02/1993;17;14;32;33;16
17/02/1993;44;19;36;5;49
13/02/1993;25;48;15;20;47
13/02/1993;39;43;12;34;8
10/02/1993;46;42;33;41;7
10/02/1993;24;31;18;39;20
06/02/1993;27;16;2;5;10
06/02/1993;14;40;45;48;5
03/02/1993;49;21;36;40;28
03/02/1993;33;40;3;1;6
30/01/1993;26;29;43;7;34
30/01/1993;26;38;49;48;7
27/01/1993;3;11;21;48;16
27/01/1993;48;2;17;13;31
23/01/1993;15;13;30;12;7
23/01/1993;49;43;28;41;5
20/01/1993;24;22;6;25;31
20/01/1993;23;11;47;49;30
16/01/1993;17;33;40;35;12
16/01/1993;3;36;13;44;42
13/01/1993;9;44;38;7;21
13/01/1993;27;5;29;34;16
09/01/1993;36;9;8;37;17
09/01/1993;31;16;40;22;14
06/01/1993;38;47;9;1;12
06/01/1993;43;35;26;31;3
02/01/1993;46;44;36;40;1
02/01/1993;40;7;22;1;38
30/12/1992;34;29;39;7;28
30/12/1992;11;1;18;25;24
26/12/1992;19;26;37;32;33
26/12/1992;18;49;29;23;8
23/12/1992;7;3;1;13;39
23/12/1992;39;35;36;17;25
19/12/1992;47;3;29;4;8
19/12/1992;10;3;2;29;26
16/12/1992;48;23;36;16;6
16/12/1992;2;46;47;43;10
12/12/1992;41;22;6;23;1
12/12/1992;28;2;7;20;46
09/12/1992;7;6;20;3;14
09/12/1992;49;6;3;48;22
05/12/1992;45;36;10;19;48
05/12/1992;47;28;14;33;31
02/12/1992;1;25;3;43;10
02/12/1992;3;9;6;28;44
28/11/1992;18;14;19;5;23
28/11/1992;8;4;41;9;26
25/11/1992;44;13;30;19;5
25/11/1992;3;30;23;41;19
21/11/1992;27;26;2;34;41
21/11/1992;21;44;39;6;11
18/11/1992;24;27;30;46;42
18/11/1992;48;28;23;40;44
14/11/1992;9;12;30;28;35
14/11/1992;44;35;14;10;30
11/11/1992;14;10;32;26;23
11/11/1992;47;46;24;17;28
07/11/1992;39;32;24;4;41
07/11/1992;35;36;17;28;47
04/11/1992;28;21;29;5;32
04/11/1992;47;40;24;48;5
31/10/1992;41;42;43;44;38
31/10/1992;48;30;8;37;27
28/10/1992;27;46;6;15;19
28/10/1992;35;18;40;7;6
24/10/1992;7;21;28;44;47
24/10/1992;20;12;4;2;27
21/10/1992;22;31;36;16;6
21/10/1992;26;19;1;23;18
17/10/1992;16;36;27;49;33
17/10/1992;41;45;23;42;20
14/10/1992;41;49;23;6;8
14/10/1992;24;34;6;29;45
10/10/1992;7;31;11;34;33
10/10/1992;2;43;35;17;28
07/10/1992;41;27;35;20;44
07/10/1992;34;17;48;28;41
03/10/1992;4;44;10;24;33
03/10/1992;36;29;7;23;20
30/09/1992;49;28;37;17;41
30/09/1992;23;49;45;31;11
26/09/1992;4;33;15;27;44
26/09/1992;45;12;24;7;26
23/09/1992;46;18;47;35;23
23/09/1992;47;19;4;29;48
19/09/1992;11;18;39;17;33
19/09/1992;40;37;10;31;12
16/09/1992;36;21;24;23;44
16/09/1992;24;36;44;3;23
12/09/1992;23;42;47;8;41
12/09/1992;17;29;32;4;16
09/09/1992;28;22;27;49;19
09/09/1992;12;13;18;1;20
05/09/1992;9;26;37;41;44
05/09/1992;1;6;31;32;46
02/09/1992;26;12;1;22;40
02/09/1992;48;1;45;33;30
29/08/1992;12;38;45;11;6
29/08/1992;8;26;13;44;17
26/08/1992;18;1;8;9;3
26/08/1992;28;23;2;27;35
22/08/1992;3;40;35;14;26
22/08/1992;49;48;11;30;7
19/08/1992;8;26;45;31;6
19/08/1992;5;6;37;41;33
15/08/1992;32;38;9;26;35
15/08/1992;5;17;40;20;37
12/08/1992;24;43;11;16;48
12/08/1992;14;16;11;44;7
08/08/1992;17;6;35;36;1
08/08/1992;49;6;47;34;23
05/08/1992;31;10;47;36;34
05/08/1992;8;10;30;2;22
01/08/1992;17;25;41;7;27
01/08/1992;39;11;12;42;4
29/07/1992;43;1;34;47;42
29/07/1992;34;15;37;7;35
25/07/1992;33;46;18;13;39
25/07/1992;25;15;32;43;22
22/07/1992;17;11;27;26;36
22/07/1992;36;40;37;16;1
18/07/1992;7;22;2;46;15
18/07/1992;36;12;28;11;41
15/07/1992;43;15;33;3;32
15/07/1992;43;36;8;17;7
11/07/1992;42;45;23;32;12
11/07/1992;46;28;2;25;45
08/07/1992;14;29;34;13;4
08/07/1992;1;31;13;44;40
04/07/1992;22;43;31;18;4
04/07/1992;39;46;8;17;10
01/07/1992;41;29;35;48;7
01/07/1992;44;42;29;48;5
27/06/1992;48;15;22;47;11
27/06/1992;5;20;8;46;7
24/06/1992;41;2;26;12;11
24/06/1992;14;10;20;41;31
20/06/1992;11;23;6;35;17
20/06/1992;8;23;40;10;19
17/06/1992;43;30;5;36;24
17/06/1992;7;6;40;25;45
13/06/1992;8;23;6;11;27
13/06/1992;45;11;12;9;23
10/06/1992;32;4;8;29;10
10/06/1992;4;30;23;18;48
06/06/1992;4;19;3;16;48
06/06/1992;14;45;5;12;29
03/06/1992;5;17;44;24;2
03/06/1992;38;20;41;2;35
30/05/1992;9;26;34;27;39
30/05/1992;4;28;46;34;10
27/05/1992;34;38;11;17;27
27/05/1992;4;1;48;26;25
23/05/1992;1;44;5;11;43
23/05/1992;31;7;33;32;13
20/05/1992;1;18;33;25;47
20/05/1992;43;41;29;36;49
16/05/1992;41;11;14;24;46
16/05/1992;24;5;6;27;19
13/05/1992;9;18;14;42;48
13/05/1992;45;12;17;35;24
09/05/1992;20;26;34;30;42
09/05/1992;42;30;47;29;10
06/05/1992;23;38;18;36;21
06/05/1992;41;24;14;32;22
02/05/1992;33;5;11;47;26
02/05/1992;41;19;28;29;12
29/04/1992;25;45;16;20;39
29/04/1992;1;31;17;20;10
25/04/1992;33;4;47;20;28
25/04/1992;31;23;7;42;34
22/04/1992;16;43;24;30;5
22/04/1992;28;41;35;18;24
18/04/1992;3;49;4;21;36
18/04/1992;35;11;45;36;41
15/04/1992;15;38;14;45;6
15/04/1992;9;42;31;19;18
11/04/1992;36;13;43;11;5
11/04/1992;33;17;10;20;44
08/04/1992;39;16;18;48;30
08/04/1992;35;11;38;33;25
04/04/1992;36;16;6;35;32
04/04/1992;27;26;17;39;36
01/04/1992;7;42;37;47;25
01/04/1992;42;43;12;28;30
28/03/1992;36;21;23;6;47
28/03/1992;37;6;29;9;25
25/03/1992;21;13;30;39;43
25/03/1992;13;48;28;7;10
21/03/1992;18;4;8;37;10
21/03/1992;18;49;43;34;16
18/03/1992;30;20;1;46;6
18/03/1992;36;34;37;41;11
14/03/1992;7;8;1;4;23
14/03/1992;29;30;40;17;22
11/03/1992;22;10;29;16;27
11/03/1992;9;2;43;4;21
07/03/1992;48;11;24;32;23
07/03/1992;33;45;11;44;35
04/03/1992;30;15;35;1;46
04/03/1992;19;4;7;34;38
29/02/1992;32;41;37;38;30
29/02/1992;47;6;25;28;38
26/02/1992;43;47;26;8;14
26/02/1992;22;42;12;44;4
22/02/1992;38;45;31;17;5
22/02/1992;1;29;35;13;43
19/02/1992;28;38;47;40;45
19/02/1992;41;8;9;14;24
15/02/1992;44;47;24;42;37
15/02/1992;36;7;44;31;9
12/02/1992;25;5;12;10;9
12/02/1992;30;24;25;42;47
08/02/1992;3;9;34;1;18
08/02/1992;24;25;29;34;39
05/02/1992;25;43;22;49;48
05/02/1992;37;38;29;24;26
01/02/1992;20;19;3;42;18
01/02/1992;17;23;9;35;39
29/01/1992;5;43;48;23;25
29/01/1992;41;37;29;6;33
25/01/1992;10;27;8;6;39
25/01/1992;45;38;27;29;3
22/01/1992;41;4;7;23;39
22/01/1992;36;10;16;26;17
18/01/1992;31;27;16;46;1
18/01/1992;25;7;18;24;27
15/01/1992;32;24;28;29;46
15/01/1992;2;32;20;1;22
11/01/1992;23;21;8;47;27
11/01/1992;4;44;14;37;2
08/01/1992;48;40;21;31;17
08/01/1992;5;7;11;47;25
04/01/1992;44;13;42;33;37
04/01/1992;31;16;9;23;20
01/01/1992;28;42;35;1;13
01/01/1992;4;37;20;25;26
28/12/1991;18;35;8;44;3
28/12/1991;17;1;28;33;45
25/12/1991;24;25;27;28;49
25/12/1991;15;25;3;26;22
21/12/1991;18;28;3;7;34
21/12/1991;2;29;18;39;41
18/12/1991;49;12;14;36;40
18/12/1991;35;32;47;2;9
14/12/1991;15;23;2;33;24
14/12/1991;35;33;9;23;19
11/12/1991;8;22;40;9;38
11/12/1991;47;39;11;43;4
07/12/1991;44;30;12;40;10
07/12/1991;37;16;7;8;31
04/12/1991;35;48;36;23;39
04/12/1991;7;43;34;47;33
30/11/1991;5;12;17;27;21
30/11/1991;30;2;25;32;1
27/11/1991;45;10;13;48;34
27/11/1991;9;33;38;16;45
23/11/1991;31;7;13;32;23
23/11/1991;49;45;15;42;36
20/11/1991;46;10;12;49;3
20/11/1991;42;35;20;24;18
16/11/1991;40;28;35;34;27
16/11/1991;44;9;16;38;23
13/11/1991;42;49;14;34;12
13/11/1991;42;16;15;22;26
09/11/1991;20;4;42;1;40
09/11/1991;24;38;9;23;18
06/11/1991;9;2;24;48;18
06/11/1991;30;7;37;48;49
02/11/1991;49;40;36;16;41
02/11/1991;46;34;35;15;43
30/10/1991;8;27;46;10;6
30/10/1991;38;37;39;29;35
26/10/1991;45;33;14;1;16
26/10/1991;27;6;16;15;41
23/10/1991;23;10;35;12;5
23/10/1991;42;14;47;45;35
19/10/1991;24;20;28;12;1
19/10/1991;43;47;17;11;34
16/10/1991;13;41;30;1;36
16/10/1991;18;34;38;15;7
12/10/1991;6;44;1;25;26
12/10/1991;34;31;14;28;11
09/10/1991;2;7;47;26;30
09/10/1991;29;33;23;22;25
05/10/1991;12;40;31;28;26
05/10/1991;11;36;23;27;24
02/10/1991;40;45;16;18;43
02/10/1991;15;2;18;28;34
28/09/1991;13;27;4;6;39
28/09/1991;49;14;4;46;16
25/09/1991;8;48;45;44;26
25/09/1991;26;49;36;23;7
21/09/1991;21;14;17;10;44
21/09/1991;17;39;47;21;40
18/09/1991;17;16;1;30;2
18/09/1991;21;29;33;15;44
14/09/1991;34;24;16;5;45
14/09/1991;34;13;14;45;37
11/09/1991;31;36;26;43;49
11/09/1991;25;12;34;43;5
07/09/1991;4;11;38;28;49
07/09/1991;46;27;25;43;14
04/09/1991;9;25;10;35;12
04/09/1991;2;15;34;25;17
31/08/1991;7;43;19;49;44
31/08/1991;36;28;34;25;12
28/08/1991;42;8;40;13;19
28/08/1991;22;16;40;7;1
24/08/1991;36;5;43;28;45
24/08/1991;5;31;35;28;18
21/08/1991;38;33;11;37;20
21/08/1991;44;6;27;9;11
17/08/1991;49;4;30;28;48
17/08/1991;35;17;44;24;46
14/08/1991;19;12;49;36;34
14/08/1991;38;49;18;23;3
10/08/1991;31;44;26;39;18
10/08/1991;44;41;6;45;15
07/08/1991;3;1;16;39;13
07/08/1991;17;3;21;27;42
03/08/1991;6;36;23;16;20
03/08/1991;13;30;20;7;46
31/07/1991;19;49;32;4;26
31/07/1991;30;40;44;20;38
27/07/1991;42;18;14;4;20
27/07/1991;34;42;1;24;39
24/07/1991;9;45;38;22;26
24/07/1991;37;47;10;8;32
20/07/1991;10;39;24;36;15
20/07/1991;2;6;49;43;22
17/07/1991;21;8;19;10;28
17/07/1991;47;26;40;15;6
13/07/1991;34;32;42;13;29
13/07/1991;1;6;36;28;37
10/07/1991;19;49;45;27;44
10/07/1991;3;22;28;38;7
06/07/1991;35;9;6;29;7
06/07/1991;35;18;47;9;4
03/07/1991;26;22;29;45;36
03/07/1991;11;21;19;32;36
29/06/1991;35;31;24;47;9
29/06/1991;41;40;5;16;19
26/06/1991;4;14;10;22;9
26/06/1991;21;32;35;16;3
22/06/1991;44;10;35;5;24
22/06/1991;20;13;38;29;12
19/06/1991;24;37;49;32;46
19/06/1991;39;32;27;37;6
15/06/1991;39;8;3;30;22
15/06/1991;25;5;7;30;19
12/06/1991;41;13;30;1;9
12/06/1991;19;23;49;12;7
08/06/1991;7;31;30;42;13
08/06/1991;18;43;34;16;35
05/06/1991;9;39;19;15;37
05/06/1991;40;17;37;19;3
01/06/1991;23;27;5;8;43
01/06/1991;43;19;46;32;45
29/05/1991;36;3;12;1;8
29/05/1991;9;17;42;40;33
25/05/1991;9;8;45;11;44
25/05/1991;24;22;9;44;35
22/05/1991;27;18;48;42;4
22/05/1991;27;12;37;32;7
18/05/1991;18;39;30;38;12
18/05/1991;29;9;41;17;13
15/05/1991;21;6;44;47;46
15/05/1991;3;36;41;21;11
11/05/1991;10;14;1;20;17
11/05/1991;16;2;30;49;28
08/05/1991;3;36;21;19;15
08/05/1991;6;5;48;34;10
04/05/1991;21;49;24;9;6
04/05/1991;32;31;21;40;49
01/05/1991;34;2;10;5;40
01/05/1991;2;42;29;47;28
27/04/1991;3;34;36;48;37
27/04/1991;45;4;21;39;36
24/04/1991;5;7;21;32;44
24/04/1991;31;6;22;28;9
20/04/1991;44;32;28;43;46
20/04/1991;40;11;25;8;6
17/04/1991;8;49;30;6;15
17/04/1991;10;14;21;13;28
13/04/1991;40;2;18;46;10
13/04/1991;31;49;37;41;39
10/04/1991;49;13;4;14;12
10/04/1991;2;36;22;23;21
06/04/1991;1;33;41;39;8
06/04/1991;23;14;1;33;35
03/04/1991;30;21;14;13;3
03/04/1991;37;12;39;33;46
30/03/1991;12;29;33;31;10
30/03/1991;21;19;31;1;28
27/03/1991;38;27;34;48;14
27/03/1991;45;2;15;5;39
23/03/1991;15;22;33;9;40
23/03/1991;37;13;26;3;18
20/03/1991;31;1;7;45;35
20/03/1991;1;38;23;37;35
16/03/1991;7;22;40;11;23
16/03/1991;13;45;35;20;46
13/03/1991;36;4;42;26;31
13/03/1991;34;8;38;48;9
09/03/1991;16;18;3;45;6
09/03/1991;37;38;27;21;6
06/03/1991;21;38;24;32;42
06/03/1991;27;36;43;48;14
02/03/1991;41;49;30;4;12
02/03/1991;32;14;46;18;5
27/02/1991;48;9;25;17;31
27/02/1991;30;26;4;23;48
23/02/1991;10;44;28;6;1
23/02/1991;25;19;1;21;15
20/02/1991;10;32;24;3;18
20/02/1991;23;17;42;29;36
16/02/1991;44;4;20;19;10
16/02/1991;19;35;47;20;6
13/02/1991;8;42;11;44;13
13/02/1991;23;47;41;1;40
09/02/1991;7;41;47;19;40
09/02/1991;2;18;12;35;24
06/02/1991;6;12;39;16;11
06/02/1991;47;32;44;18;30
02/02/1991;38;4;26;23;48
02/02/1991;22;7;11;3;38
30/01/1991;5;14;34;38;46
30/01/1991;37;5;26;17;2
26/01/1991;40;2;19;3;32
26/01/1991;38;42;5;27;23
23/01/1991;41;16;33;3;20
23/01/1991;19;20;38;39;12
19/01/1991;28;20;12;4;27
19/01/1991;17;5;43;35;47
16/01/1991;43;9;38;4;7
16/01/1991;47;7;2;32;17
12/01/1991;21;29;3;49;27
12/01/1991;41;40;1;45;46
09/01/1991;6;11;43;32;29
09/01/1991;25;44;16;37;34
05/01/1991;36;15;13;26;19
05/01/1991;8;46;13;39;32
02/01/1991;6;4;8;45;11
02/01/1991;49;38;30;1;31
29/12/1990;29;32;15;28;14
29/12/1990;32;38;6;33;47
26/12/1990;33;1;9;41;3
26/12/1990;7;16;25;8;19
22/12/1990;7;45;17;5;31
22/12/1990;1;5;43;9;8
19/12/1990;33;41;49;3;2
19/12/1990;3;24;36;6;43
15/12/1990;19;48;3;37;17
15/12/1990;37;42;2;49;30
12/12/1990;12;7;5;13;47
12/12/1990;43;40;2;45;33
08/12/1990;22;9;27;6;24
08/12/1990;1;20;12;28;30
05/12/1990;24;32;2;23;46
05/12/1990;27;15;22;14;4
01/12/1990;17;20;7;32;16
01/12/1990;1;10;34;16;48
28/11/1990;45;43;26;49;46
28/11/1990;2;34;21;45;32
24/11/1990;17;16;33;3;5
24/11/1990;40;13;36;5;27
21/11/1990;30;49;13;44;45
21/11/1990;28;42;9;38;35
17/11/1990;26;18;29;49;21
17/11/1990;31;12;15;5;33
14/11/1990;40;30;47;23;43
14/11/1990;6;5;49;20;41
10/11/1990;33;8;45;27;5
10/11/1990;40;31;23;38;32
07/11/1990;1;36;44;21;38
07/11/1990;10;19;14;1;48
03/11/1990;47;38;34;30;19
03/11/1990;30;18;15;45;33
31/10/1990;30;36;15;34;1
31/10/1990;24;16;1;5;18
27/10/1990;8;24;14;5;39
27/10/1990;4;5;28;11;10
24/10/1990;6;29;10;17;40
24/10/1990;3;30;49;48;41
20/10/1990;22;37;15;4;35
20/10/1990;3;1;30;12;6
17/10/1990;26;29;19;30;49
17/10/1990;3;26;9;11;5
13/10/1990;34;1;41;23;22
13/10/1990;16;25;21;31;33
10/10/1990;43;11;17;39;38
10/10/1990;6;21;23;32;37
06/10/1990;44;24;31;25;4
06/10/1990;24;13;48;8;42
03/10/1990;9;14;24;5;2
03/10/1990;40;48;36;35;23
29/09/1990;4;6;33;13;8
29/09/1990;12;7;39;8;4
26/09/1990;46;22;38;7;42
26/09/1990;28;42;49;40;37
22/09/1990;5;40;39;21;47
22/09/1990;48;30;11;33;13
19/09/1990;6;48;5;3;34
19/09/1990;35;6;27;49;21
15/09/1990;41;2;6;37;48
15/09/1990;46;47;41;49;7
12/09/1990;16;22;9;49;47
12/09/1990;39;27;41;43;7
08/09/1990;10;3;38;20;7
05/09/1990;12;42;30;9;10
01/09/1990;23;2;15;5;43
29/08/1990;38;21;25;46;5
25/08/1990;19;31;1;18;24
22/08/1990;49;7;22;16;28
18/08/1990;31;21;38;37;26
15/08/1990;45;44;49;15;47
11/08/1990;43;20;17;21;26
08/08/1990;29;18;37;26;44
04/08/1990;24;6;19;22;25
01/08/1990;49;2;45;19;16
28/07/1990;37;31;33;14;29
25/07/1990;4;7;16;32;20
21/07/1990;30;19;1;21;41
18/07/1990;40;13;46;45;32
14/07/1990;13;28;6;33;30
11/07/1990;33;20;29;25;47
07/07/1990;30;18;46;49;32
04/07/1990;8;37;49;18;15
30/06/1990;34;3;37;24;17
27/06/1990;47;42;29;8;1
23/06/1990;37;38;31;39;48
20/06/1990;46;31;16;35;5
16/06/1990;43;41;31;29;15
13/06/1990;21;33;36;24;18
09/06/1990;40;18;39;15;43
06/06/1990;23;44;17;32;12
02/06/1990;19;26;32;13;28
30/05/1990;20;15;41;3;16
26/05/1990;37;27;2;19;6
23/05/1990;16;7;40;10;20
19/05/1990;19;32;34;45;26
16/05/1990;5;44;26;45;27
12/05/1990;25;24;7;49;4
09/05/1990;16;39;32;14;9
05/05/1990;20;24;30;36;32
02/05/1990;14;12;36;3;19
28/04/1990;11;40;3;29;23
25/04/1990;37;49;11;2;28
21/04/1990;28;36;8;40;21
18/04/1990;44;31;48;13;20
14/04/1990;46;22;27;20;5
11/04/1990;49;30;18;43;33
07/04/1990;19;13;11;32;20
04/04/1990;18;34;6;8;32
31/03/1990;45;43;20;16;25
28/03/1990;28;4;20;44;19
24/03/1990;8;23;22;35;24
21/03/1990;30;17;2;42;49
17/03/1990;39;22;19;15;44
14/03/1990;29;3;38;46;9
10/03/1990;24;1;23;19;15
07/03/1990;25;49;8;14;9
03/03/1990;39;2;10;3;38
28/02/1990;37;28;41;20;4
24/02/1990;13;25;6;24;4
21/02/1990;19;26;1;9;43
17/02/1990;37;46;23;48;24
14/02/1990;16;48;49;22;44
10/02/1990;29;36;10;18;15
07/02/1990;49;23;21;42;8
03/02/1990;11;44;31;36;45
31/01/1990;20;8;28;3;14
27/01/1990;43;15;28;35;13
24/01/1990;12;45;11;22;13
20/01/1990;22;20;9;26;34
17/01/1990;29;14;37;2;46
13/01/1990;2;34;42;40;28
10/01/1990;25;37;26;48;2
06/01/1990;42;21;20;24;28
03/01/1990;31;30;5;44;8
30/12/1989;24;8;13;6;42
27/12/1989;39;37;20;27;43
23/12/1989;19;29;32;4;7
20/12/1989;19;36;7;43;38
16/12/1989;45;29;20;14;8
13/12/1989;38;46;6;4;40
09/12/1989;46;43;25;16;8
06/12/1989;45;10;33;21;20
02/12/1989;49;18;11;2;46
29/11/1989;30;35;11;22;40
25/11/1989;31;15;49;46;3
22/11/1989;39;8;32;22;21
18/11/1989;37;8;14;40;15
15/11/1989;24;34;29;38;46
11/11/1989;44;49;11;17;42
08/11/1989;43;21;19;10;35
04/11/1989;10;23;29;37;47
01/11/1989;42;10;47;26;30
28/10/1989;11;16;5;33;25
25/10/1989;24;18;15;45;28
21/10/1989;32;30;1;38;43
18/10/1989;41;48;23;9;4
14/10/1989;33;48;28;32;23
11/10/1989;17;15;5;43;45
07/10/1989;3;7;13;35;46
04/10/1989;9;19;45;29;18
30/09/1989;16;23;43;24;27
27/09/1989;17;40;30;16;20
23/09/1989;9;36;42;11;27
20/09/1989;10;24;46;18;35
16/09/1989;26;45;46;7;25
13/09/1989;26;41;25;37;38
09/09/1989;38;42;23;36;11
06/09/1989;16;14;46;11;38
02/09/1989;40;36;34;39;22
30/08/1989;19;4;46;35;15
26/08/1989;18;16;31;21;38
23/08/1989;5;37;19;25;44
19/08/1989;11;5;46;22;1
16/08/1989;49;5;40;28;20
12/08/1989;26;37;8;20;19
09/08/1989;10;19;20;44;39
05/08/1989;23;39;44;40;38
02/08/1989;27;11;49;41;35
29/07/1989;17;7;18;24;45
26/07/1989;28;4;3;24;48
22/07/1989;34;9;44;42;15
19/07/1989;16;29;28;44;20
15/07/1989;4;18;30;19;37
12/07/1989;40;6;23;21;19
08/07/1989;21;19;38;11;23
05/07/1989;16;37;36;38;27
01/07/1989;37;45;4;43;38
28/06/1989;10;4;25;34;14
24/06/1989;14;30;34;38;33
21/06/1989;31;4;20;32;8
17/06/1989;17;33;28;21;49
14/06/1989;47;37;27;19;18
10/06/1989;43;18;4;45;12
07/06/1989;3;23;26;13;4
03/06/1989;36;33;47;14;26
31/05/1989;37;32;19;48;1
27/05/1989;5;24;45;18;34
24/05/1989;47;7;35;49;2
20/05/1989;17;32;36;31;16
17/05/1989;6;22;24;47;11
13/05/1989;14;1;34;4;8
10/05/1989;19;46;38;30;34
06/05/1989;36;10;46;41;24
03/05/1989;49;41;42;39;18
29/04/1989;34;12;5;46;33
26/04/1989;29;1;8;31;33
22/04/1989;36;22;6;48;41
19/04/1989;11;1;10;18;16
15/04/1989;36;29;34;10;13
12/04/1989;24;6;16;41;26
08/04/1989;30;18;42;2;24
05/04/1989;21;39;31;6;33
01/04/1989;24;44;1;17;38
29/03/1989;11;4;19;2;22
25/03/1989;17;16;45;37;25
22/03/1989;35;41;20;49;33
18/03/1989;3;31;22;13;42
15/03/1989;8;17;37;3;28
11/03/1989;19;26;30;20;45
08/03/1989;34;9;13;42;35
04/03/1989;18;49;29;13;31
01/03/1989;49;38;35;2;21
25/02/1989;36;35;22;16;37
22/02/1989;14;32;16;3;15
18/02/1989;4;26;27;32;18
15/02/1989;8;30;45;28;26
11/02/1989;3;33;9;25;8
08/02/1989;17;37;30;48;23
04/02/1989;40;21;18;22;46
01/02/1989;14;42;41;30;9
28/01/1989;43;1;5;48;24
25/01/1989;27;31;16;19;15
21/01/1989;17;36;32;42;33
18/01/1989;1;22;31;2;43
14/01/1989;22;39;49;25;10
11/01/1989;49;38;28;34;43
07/01/1989;24;3;12;1;42
04/01/1989;16;8;7;40;19
31/12/1988;40;46;42;30;33
28/12/1988;1;34;15;22;26
24/12/1988;40;43;13;22;23
21/12/1988;30;20;23;32;21
17/12/1988;41;2;39;8;7
14/12/1988;20;5;32;3;7
10/12/1988;47;19;25;31;40
07/12/1988;34;6;43;8;12
03/12/1988;2;38;21;31;11
30/11/1988;34;42;11;27;36
26/11/1988;6;5;8;34;45
23/11/1988;10;14;31;9;48
19/11/1988;36;25;2;3;5
16/11/1988;26;13;10;37;30
12/11/1988;1;8;20;48;45
09/11/1988;20;14;45;12;3
05/11/1988;7;26;41;33;49
02/11/1988;18;46;38;22;10
29/10/1988;11;4;9;8;32
26/10/1988;17;34;33;24;8
22/10/1988;12;16;41;8;21
19/10/1988;21;37;5;19;44
15/10/1988;21;19;48;24;1
12/10/1988;24;47;22;33;20
08/10/1988;28;25;29;35;43
05/10/1988;32;42;6;24;5
01/10/1988;4;31;46;49;16
28/09/1988;22;11;19;36;30
24/09/1988;5;40;49;26;33
21/09/1988;20;21;45;39;17
17/09/1988;39;16;48;36;32
14/09/1988;6;13;4;18;44
10/09/1988;23;16;15;9;12
07/09/1988;8;17;6;28;29
03/09/1988;25;42;36;14;1
31/08/1988;7;31;37;5;6
27/08/1988;24;40;14;18;2
24/08/1988;26;46;30;29;49
20/08/1988;20;15;23;25;47
17/08/1988;14;6;31;25;9
13/08/1988;28;10;32;23;1
10/08/1988;3;35;27;16;25
06/08/1988;1;44;24;46;38
03/08/1988;4;24;27;29;30
30/07/1988;35;46;16;33;31
27/07/1988;27;11;15;36;25
23/07/1988;38;11;23;49;25
20/07/1988;49;4;20;8;16
16/07/1988;33;41;18;35;45
13/07/1988;17;14;18;37;3
09/07/1988;42;36;39;7;27
06/07/1988;25;34;3;5;32
02/07/1988;45;19;2;9;31
29/06/1988;40;44;32;33;26
25/06/1988;36;20;39;17;6
22/06/1988;48;33;19;12;24
18/06/1988;38;10;36;2;26
15/06/1988;29;8;42;48;7
11/06/1988;40;41;7;22;36
08/06/1988;8;45;16;12;3
04/06/1988;26;23;25;47;15
01/06/1988;13;48;4;33;11
28/05/1988;49;20;16;24;37
25/05/1988;27;36;40;8;24
21/05/1988;19;46;14;38;21
18/05/1988;21;13;24;3;20
14/05/1988;46;23;10;33;30
11/05/1988;32;19;8;7;4
07/05/1988;26;15;24;6;27
04/05/1988;7;17;5;15;14
30/04/1988;32;14;4;19;9
27/04/1988;7;24;36;31;5
23/04/1988;49;39;47;16;12
20/04/1988;16;3;17;33;9
16/04/1988;13;17;43;5;29
13/04/1988;4;35;36;16;11
09/04/1988;43;17;47;8;38
06/04/1988;14;18;21;26;42
02/04/1988;27;16;1;48;22
30/03/1988;24;37;40;31;14
26/03/1988;16;7;6;40;28
23/03/1988;1;20;16;30;29
19/03/1988;15;23;45;17;43
16/03/1988;28;5;18;35;16
12/03/1988;36;16;7;3;41
09/03/1988;14;5;31;46;43
05/03/1988;16;23;29;31;5
02/03/1988;28;49;21;20;19
27/02/1988;28;34;37;39;46
24/02/1988;4;26;32;9;35
20/02/1988;20;41;33;35;25
17/02/1988;11;48;45;36;34
13/02/1988;23;30;8;29;41
10/02/1988;36;10;47;32;45
06/02/1988;21;31;37;38;8
03/02/1988;47;11;41;3;29
30/01/1988;34;5;8;41;46
27/01/1988;47;1;23;38;18
23/01/1988;18;41;1;28;43
20/01/1988;11;32;26;29;49
16/01/1988;18;19;8;48;14
13/01/1988;23;10;39;27;18
09/01/1988;38;21;24;43;36
06/01/1988;40;16;45;22;44
02/01/1988;6;4;7;18;43
30/12/1987;11;17;1;25;19
26/12/1987;30;23;27;15;29
23/12/1987;44;23;14;43;3
19/12/1987;45;4;33;49;15
16/12/1987;32;12;40;27;36
12/12/1987;34;33;41;12;40
09/12/1987;37;3;8;23;24
05/12/1987;43;9;26;49;16
02/12/1987;26;4;44;21;3
28/11/1987;10;39;12;42;11
25/11/1987;3;10;29;49;25
21/11/1987;47;16;31;49;18
18/11/1987;44;42;38;48;8
14/11/1987;40;17;15;6;8
11/11/1987;47;26;35;46;13
07/11/1987;18;47;21;7;2
04/11/1987;11;33;38;46;13
31/10/1987;41;32;15;48;5
28/10/1987;20;34;15;44;38
24/10/1987;33;37;49;39;12
21/10/1987;14;31;18;45;13
17/10/1987;14;22;28;18;23
14/10/1987;40;46;21;13;12
10/10/1987;2;39;10;43;46
07/10/1987;21;4;39;15;23
03/10/1987;2;4;44;29;19
30/09/1987;36;2;34;38;22
26/09/1987;13;48;41;43;22
23/09/1987;19;3;11;46;12
19/09/1987;18;11;4;14;13
16/09/1987;44;12;16;40;43
12/09/1987;26;17;9;43;34
09/09/1987;18;23;33;44;19
05/09/1987;6;19;16;46;34
02/09/1987;18;24;47;1;20
29/08/1987;41;34;42;25;14
26/08/1987;16;43;8;42;6
22/08/1987;36;28;25;27;23
19/08/1987;4;25;36;29;2
15/08/1987;13;46;22;27;37
12/08/1987;24;20;49;48;13
08/08/1987;18;46;41;16;35
05/08/1987;43;22;2;1;15
01/08/1987;38;24;37;39;20
29/07/1987;16;26;6;15;49
25/07/1987;7;11;2;27;24
22/07/1987;24;6;9;16;8
18/07/1987;38;26;31;23;22
15/07/1987;26;20;25;47;8
11/07/1987;42;7;11;29;28
08/07/1987;7;12;48;25;5
04/07/1987;26;45;14;20;36
01/07/1987;7;6;25;46;13
27/06/1987;2;48;46;21;35
24/06/1987;27;43;39;35;12
20/06/1987;5;38;14;30;13
17/06/1987;13;34;7;29;15
13/06/1987;31;15;25;26;38
10/06/1987;48;1;23;32;39
06/06/1987;17;6;40;16;4
03/06/1987;33;47;27;20;45
30/05/1987;23;42;8;33;2
27/05/1987;33;38;7;49;17
23/05/1987;44;20;43;48;17
20/05/1987;31;30;48;39;7
16/05/1987;29;42;38;18;39
13/05/1987;28;38;44;7;40
09/05/1987;29;43;17;16;15
06/05/1987;18;34;8;2;28
02/05/1987;33;29;5;15;19
29/04/1987;13;30;1;47;21
25/04/1987;6;35;37;38;13
22/04/1987;1;32;7;27;31
18/04/1987;10;29;49;26;6
15/04/1987;5;29;41;42;6
11/04/1987;41;9;48;10;45
08/04/1987;43;7;14;13;48
04/04/1987;10;22;45;12;34
01/04/1987;2;32;48;26;44
28/03/1987;32;23;42;34;21
25/03/1987;30;23;43;20;44
21/03/1987;21;6;38;28;30
18/03/1987;15;35;8;3;34
14/03/1987;40;48;29;6;37
11/03/1987;42;13;44;10;24
07/03/1987;10;33;18;1;48
04/03/1987;2;39;27;34;48
28/02/1987;47;22;24;39;9
25/02/1987;28;39;11;43;6
21/02/1987;42;15;44;38;17
18/02/1987;7;35;3;48;31
14/02/1987;39;42;8;11;29
11/02/1987;46;44;40;21;25
07/02/1987;6;37;31;15;5
04/02/1987;42;11;45;22;35
31/01/1987;3;25;4;35;47
28/01/1987;22;37;41;19;44
24/01/1987;31;18;20;7;28
21/01/1987;20;37;3;26;36
17/01/1987;17;33;47;3;26
14/01/1987;37;14;26;25;39
10/01/1987;29;43;30;46;45
07/01/1987;36;39;20;33;16
03/01/1987;16;44;4;18;35
31/12/1986;38;47;44;39;9
27/12/1986;34;47;35;21;41
24/12/1986;38;49;46;13;11
20/12/1986;27;28;1;30;34
17/12/1986;2;23;31;14;38
13/12/1986;13;35;12;19;21
10/12/1986;15;8;11;14;16
06/12/1986;32;46;22;4;5
03/12/1986;17;30;2;32;45
29/11/1986;37;24;27;17;6
26/11/1986;41;43;30;26;31
22/11/1986;12;15;36;25;2
19/11/1986;23;25;3;2;15
15/11/1986;12;1;35;37;26
12/11/1986;21;6;22;46;33
08/11/1986;34;15;40;9;18
05/11/1986;29;48;3;26;45
01/11/1986;38;22;40;31;5
29/10/1986;16;31;14;36;11
25/10/1986;3;20;34;17;14
22/10/1986;5;44;30;28;27
18/10/1986;34;38;18;32;4
15/10/1986;16;4;7;26;17
11/10/1986;4;42;32;33;8
08/10/1986;8;16;26;9;31
04/10/1986;22;12;8;15;48
01/10/1986;24;25;3;7;15
27/09/1986;12;18;7;39;8
24/09/1986;8;44;38;30;34
20/09/1986;23;4;42;40;35
17/09/1986;31;13;32;7;49
13/09/1986;10;31;42;1;15
10/09/1986;47;33;9;43;35
06/09/1986;14;37;44;5;27
03/09/1986;19;35;11;13;20
30/08/1986;29;10;8;24;13
27/08/1986;19;39;48;15;28
23/08/1986;47;49;15;36;24
20/08/1986;18;17;46;44;40
16/08/1986;36;15;43;29;22
13/08/1986;21;4;25;24;45
09/08/1986;44;19;45;7;5
06/08/1986;22;29;24;34;43
02/08/1986;48;47;11;32;28
30/07/1986;36;47;44;16;15
26/07/1986;12;26;27;34;38
23/07/1986;16;25;35;22;2
19/07/1986;10;42;15;16;19
16/07/1986;21;46;36;32;38
12/07/1986;17;26;41;37;28
09/07/1986;43;11;36;27;22
05/07/1986;5;35;18;1;27
02/07/1986;29;16;7;35;32
28/06/1986;37;9;35;20;2
25/06/1986;14;35;43;45;7
21/06/1986;6;9;34;27;48
18/06/1986;38;22;23;48;39
14/06/1986;48;32;19;47;6
11/06/1986;22;6;44;11;43
07/06/1986;3;5;49;43;15
04/06/1986;22;49;29;35;46
31/05/1986;15;45;33;11;30
28/05/1986;3;2;21;16;49
24/05/1986;37;47;42;23;27
21/05/1986;24;18;38;22;31
17/05/1986;13;5;17;15;26
14/05/1986;39;20;37;32;38
10/05/1986;19;30;40;18;7
07/05/1986;2;6;3;27;44
03/05/1986;7;37;2;49;24
30/04/1986;49;7;45;13;36
26/04/1986;13;45;36;21;27
23/04/1986;12;25;17;46;32
19/04/1986;8;14;41;5;31
16/04/1986;14;26;20;2;49
12/04/1986;30;32;21;18;11
09/04/1986;10;47;39;27;41
05/04/1986;22;45;18;17;44
02/04/1986;39;11;31;49;4
29/03/1986;5;49;30;29;16
26/03/1986;6;35;9;33;32
22/03/1986;19;26;33;46;2
19/03/1986;18;19;44;30;22
15/03/1986;16;18;12;20;48
12/03/1986;9;46;13;19;37
08/03/1986;30;3;34;25;20
05/03/1986;5;30;25;22;10
01/03/1986;17;5;13;15;21
26/02/1986;49;22;47;10;38
22/02/1986;40;32;26;4;37
19/02/1986;48;15;11;33;2
15/02/1986;1;14;2;33;41
12/02/1986;37;25;9;8;12
08/02/1986;33;1;9;31;4
05/02/1986;38;43;3;6;26
01/02/1986;22;13;33;40;4
29/01/1986;12;41;4;6;47
25/01/1986;40;29;45;39;23
22/01/1986;49;6;28;25;7
18/01/1986;3;6;45;33;31
15/01/1986;27;6;13;46;10
11/01/1986;38;4;32;18;12
08/01/1986;42;29;10;27;44
04/01/1986;39;36;11;14;7
01/01/1986;27;12;49;16;8
28/12/1985;26;45;20;40;43
25/12/1985;10;12;14;1;44
21/12/1985;14;6;34;43;32
18/12/1985;23;34;35;29;15
14/12/1985;1;44;28;39;18
11/12/1985;34;45;13;11;18
07/12/1985;2;15;10;16;27
04/12/1985;25;8;45;18;19
30/11/1985;6;4;20;43;28
27/11/1985;39;36;25;24;26
23/11/1985;34;42;6;45;17
20/11/1985;2;36;13;34;25
16/11/1985;7;22;34;24;41
13/11/1985;28;36;34;13;31
09/11/1985;44;29;32;19;37
06/11/1985;23;26;13;32;14
02/11/1985;4;25;23;28;21
30/10/1985;42;38;2;18;32
26/10/1985;14;16;33;45;23
23/10/1985;37;10;27;35;12
19/10/1985;26;32;3;2;29
16/10/1985;26;12;19;6;30
12/10/1985;36;32;49;38;33
09/10/1985;1;13;7;14;22
05/10/1985;34;5;25;17;30
02/10/1985;14;30;45;9;27
28/09/1985;43;15;1;11;19
25/09/1985;42;43;46;11;44
21/09/1985;20;44;11;6;13
18/09/1985;29;35;10;40;18
14/09/1985;37;28;13;10;12
11/09/1985;47;24;23;4;19
07/09/1985;43;28;2;18;37
04/09/1985;37;24;25;13;2
31/08/1985;20;44;26;8;14
28/08/1985;8;12;20;41;24
24/08/1985;37;41;4;10;16
21/08/1985;23;46;33;38;5
17/08/1985;4;38;16;15;48
14/08/1985;46;9;33;30;7
10/08/1985;47;2;19;28;10
07/08/1985;16;21;12;20;40
03/08/1985;34;33;20;7;40
31/07/1985;42;26;11;1;48
27/07/1985;44;9;30;45;36
24/07/1985;49;14;37;7;17
20/07/1985;38;36;22;40;19
17/07/1985;2;37;43;7;5
13/07/1985;15;17;30;41;28
10/07/1985;42;49;36;23;18
06/07/1985;21;7;37;36;18
03/07/1985;23;10;6;36;45
29/06/1985;41;6;1;14;42
26/06/1985;11;36;6;31;23
22/06/1985;5;43;46;25;17
19/06/1985;11;45;7;22;34
15/06/1985;10;23;40;36;16
12/06/1985;9;19;29;30;14
08/06/1985;27;20;6;5;41
05/06/1985;25;42;45;19;12
01/06/1985;32;15;24;35;18
29/05/1985;28;1;20;17;34
25/05/1985;35;5;27;17;6
22/05/1985;25;26;13;37;24
18/05/1985;31;1;40;19;23
15/05/1985;23;45;33;1;37
11/05/1985;28;26;21;43;36
08/05/1985;19;18;30;24;37
04/05/1985;33;46;34;2;18
01/05/1985;7;36;6;24;16
27/04/1985;12;37;16;34;18
24/04/1985;45;37;9;20;48
20/04/1985;40;5;22;41;14
17/04/1985;45;39;25;21;6
13/04/1985;36;8;25;26;12
10/04/1985;47;4;3;14;42
06/04/1985;35;45;40;34;28
03/04/1985;8;19;27;42;29
30/03/1985;32;44;30;40;4
27/03/1985;30;10;47;29;1
23/03/1985;37;17;16;18;11
20/03/1985;41;37;33;14;9
16/03/1985;3;25;33;20;43
13/03/1985;4;14;41;40;18
09/03/1985;35;3;14;28;9
06/03/1985;26;30;39;27;12
02/03/1985;24;10;18;36;8
27/02/1985;29;8;28;37;49
23/02/1985;24;21;23;3;38
20/02/1985;24;30;39;1;8
16/02/1985;48;30;32;36;1
13/02/1985;20;22;17;1;15
09/02/1985;41;35;9;46;1
06/02/1985;36;37;26;25;48
02/02/1985;25;38;40;48;37
30/01/1985;4;45;30;26;16
26/01/1985;9;3;32;46;18
23/01/1985;39;31;13;37;6
19/01/1985;47;43;27;22;16
16/01/1985;1;44;38;39;2
12/01/1985;46;4;32;33;34
09/01/1985;21;2;1;33;46
05/01/1985;29;8;31;33;10
02/01/1985;6;40;22;15;34
29/12/1984;36;29;38;41;4
26/12/1984;45;31;33;38;3
22/12/1984;20;44;3;40;24
19/12/1984;13;24;7;29;5
15/12/1984;28;44;30;5;15
12/12/1984;2;22;5;15;16
08/12/1984;48;20;4;2;22
05/12/1984;35;23;47;17;36
01/12/1984;11;48;18;22;10
28/11/1984;6;8;27;11;22
24/11/1984;15;21;35;32;39
21/11/1984;23;25;46;12;49
17/11/1984;8;24;46;15;45
14/11/1984;39;16;43;5;40
10/11/1984;13;40;12;5;31
07/11/1984;42;39;38;30;34
03/11/1984;21;12;49;26;30
31/10/1984;18;30;44;19;46
27/10/1984;19;7;45;38;18
24/10/1984;27;3;44;8;48
20/10/1984;46;48;2;34;26
17/10/1984;45;38;20;8;19
13/10/1984;46;48;37;11;25
10/10/1984;17;14;36;6;30
06/10/1984;24;12;9;21;41
03/10/1984;29;1;40;42;36
29/09/1984;21;14;1;5;32
26/09/1984;30;9;40;17;45
22/09/1984;26;11;33;20;2
19/09/1984;37;36;26;35;27
15/09/1984;27;38;9;34;6
12/09/1984;3;32;8;27;29
08/09/1984;14;7;39;1;21
05/09/1984;11;21;28;35;1
01/09/1984;23;7;10;38;26
29/08/1984;47;38;21;15;49
25/08/1984;12;36;2;41;17
22/08/1984;47;36;41;24;14
18/08/1984;33;48;49;6;29
15/08/1984;15;38;41;35;20
11/08/1984;10;48;39;15;34
08/08/1984;33;48;20;42;40
04/08/1984;3;32;27;29;1
01/08/1984;3;39;28;14;5
28/07/1984;18;14;7;40;25
25/07/1984;15;7;28;25;35
21/07/1984;14;25;22;46;44
18/07/1984;17;46;1;24;40
14/07/1984;5;32;40;15;34
11/07/1984;29;25;46;4;34
07/07/1984;23;36;34;6;12
04/07/1984;15;29;46;37;33
30/06/1984;32;33;47;14;16
27/06/1984;25;5;34;33;46
23/06/1984;37;32;24;31;3
20/06/1984;12;18;47;40;21
16/06/1984;32;19;3;21;42
13/06/1984;23;30;49;25;21
09/06/1984;15;32;42;27;8
06/06/1984;39;21;13;30;38
02/06/1984;6;48;49;1;12
30/05/1984;45;49;41;40;21
26/05/1984;22;16;35;4;5
23/05/1984;13;18;43;36;28
19/05/1984;30;10;2;19;20
16/05/1984;17;16;49;18;23
12/05/1984;26;39;1;42;23
09/05/1984;23;7;12;47;22
05/05/1984;27;48;42;18;21
02/05/1984;25;15;22;31;16
28/04/1984;34;15;49;22;28
25/04/1984;30;49;45;41;16
21/04/1984;26;39;3;38;5
18/04/1984;31;9;14;39;42
14/04/1984;26;13;43;30;46
11/04/1984;10;12;16;27;18
07/04/1984;6;17;30;40;19
04/04/1984;42;20;34;29;46
31/03/1984;13;39;10;40;25
28/03/1984;46;36;22;23;38
24/03/1984;30;29;41;2;26
21/03/1984;49;6;38;29;23
17/03/1984;8;13;25;2;16
14/03/1984;47;18;24;6;10
10/03/1984;7;43;14;18;34
07/03/1984;38;29;32;10;1
29/02/1984;19;34;44;13;39
22/02/1984;9;3;42;39;38
15/02/1984;36;39;16;35;8
08/02/1984;19;34;24;29;38
01/02/1984;18;45;31;15;41
25/01/1984;7;42;47;22;12
18/01/1984;6;8;30;1;7
11/01/1984;20;45;5;29;31
04/01/1984;22;27;2;28;37
28/12/1983;33;35;40;20;5
21/12/1983;27;42;4;20;7
14/12/1983;43;34;23;10;48
07/12/1983;43;27;47;16;44
30/11/1983;7;22;13;21;44
23/11/1983;3;31;41;21;47
16/11/1983;41;37;42;27;17
09/11/1983;37;46;19;49;26
03/11/1983;20;33;49;5;24
26/10/1983;8;21;33;31;18
19/10/1983;5;11;47;44;8
12/10/1983;19;20;40;13;34
05/10/1983;6;47;1;23;2
28/09/1983;49;12;33;19;24
21/09/1983;27;12;8;39;25
14/09/1983;15;44;33;27;11
07/09/1983;5;42;38;31;11
31/08/1983;43;29;9;49;45
24/08/1983;43;46;4;18;49
18/08/1983;23;37;21;44;4
10/08/1983;44;29;3;24;13
03/08/1983;16;45;7;19;11
27/07/1983;37;9;17;18;14
20/07/1983;18;40;28;31;48
13/07/1983;15;14;28;30;48
06/07/1983;26;38;46;35;49
29/06/1983;21;48;37;10;43
22/06/1983;29;14;39;5;21
15/06/1983;10;20;30;17;34
08/06/1983;20;9;6;7;37
01/06/1983;18;40;9;14;21
26/05/1983;32;8;6;11;35
18/05/1983;1;30;49;9;32
11/05/1983;48;12;41;22;44
04/05/1983;24;21;40;43;5
27/04/1983;10;8;21;16;5
20/04/1983;26;31;40;33;10
13/04/1983;49;36;42;15;22
07/04/1983;33;44;6;29;24
30/03/1983;26;2;35;21;19
23/03/1983;26;11;32;34;22
16/03/1983;23;9;36;5;43
09/03/1983;28;22;12;24;38
02/03/1983;33;22;26;34;45
23/02/1983;4;8;32;30;42
16/02/1983;40;33;14;30;12
09/02/1983;23;29;6;34;12
02/02/1983;12;5;37;22;31
26/01/1983;34;20;5;8;2
19/01/1983;39;14;2;49;48
12/01/1983;42;29;18;45;15
05/01/1983;16;21;31;48;1
29/12/1982;49;25;8;32;31
22/12/1982;46;44;10;7;48
15/12/1982;49;26;4;6;40
08/12/1982;30;35;19;28;47
01/12/1982;31;32;36;9;26
24/11/1982;30;3;33;23;10
17/11/1982;22;16;45;49;48
10/11/1982;32;30;7;8;22
04/11/1982;15;10;21;22;42
27/10/1982;25;30;38;39;40
20/10/1982;27;49;44;11;14
13/10/1982;40;31;38;49;37
06/10/1982;17;28;13;6;45
29/09/1982;14;16;23;2;32
22/09/1982;21;37;40;34;45
15/09/1982;29;40;36;48;27
08/09/1982;30;9;48;37;35
01/09/1982;12;42;14;2;10
25/08/1982;18;40;29;44;15
18/08/1982;15;49;30;35;31
11/08/1982;32;44;35;47;16
04/08/1982;20;5;28;40;25
28/07/1982;28;1;32;7;24
21/07/1982;4;24;40;49;11
15/07/1982;19;6;24;45;23
07/07/1982;12;41;29;17;39
30/06/1982;35;14;34;31;39
23/06/1982;10;15;37;25;49
16/06/1982;35;48;46;20;17
09/06/1982;15;39;28;6;11
03/06/1982;45;32;44;35;24
26/05/1982;35;40;24;38;4
19/05/1982;24;14;2;9;12
12/05/1982;22;12;5;9;47
05/05/1982;24;22;20;3;28
28/04/1982;20;8;3;4;16
21/04/1982;10;17;24;11;2
15/04/1982;35;22;23;24;17
07/04/1982;40;36;29;19;31
31/03/1982;39;32;27;23;28
24/03/1982;9;35;48;11;49
17/03/1982;42;35;29;12;16
10/03/1982;3;13;24;19;36
03/03/1982;28;48;13;23;16
24/02/1982;34;30;10;18;4
17/02/1982;39;29;23;18;17
10/02/1982;17;38;23;6;27
03/02/1982;26;24;40;10;23
27/01/1982;26;34;23;24;47
20/01/1982;24;46;27;11;23
13/01/1982;9;29;25;8;14
06/01/1982;49;23;42;40;38
30/12/1981;28;45;34;48;37
23/12/1981;48;14;26;13;45
16/12/1981;18;38;13;22;34
09/12/1981;12;34;29;1;36
02/12/1981;22;39;36;32;5
25/11/1981;44;12;27;48;16
18/11/1981;43;2;27;46;40
12/11/1981;27;4;43;10;24
04/11/1981;24;46;7;23;2
28/10/1981;48;8;15;25;40
21/10/1981;2;26;24;1;43
14/10/1981;19;12;36;47;25
07/10/1981;4;12;47;11;28
30/09/1981;14;34;15;13;39
23/09/1981;34;9;14;24;19
16/09/1981;11;9;2;20;36
09/09/1981;29;33;25;32;5
02/09/1981;20;13;31;43;37
26/08/1981;12;9;36;45;48
19/08/1981;4;13;9;35;37
12/08/1981;2;49;6;37;13
05/08/1981;24;15;49;36;30
29/07/1981;13;19;9;27;49
22/07/1981;34;22;11;26;25
16/07/1981;40;2;49;20;15
08/07/1981;12;31;18;7;11
01/07/1981;12;4;34;27;25
24/06/1981;49;35;2;3;38
17/06/1981;42;13;38;18;1
11/06/1981;4;40;5;44;35
03/06/1981;26;25;5;40;12
27/05/1981;39;28;8;2;16
20/05/1981;6;29;18;4;47
13/05/1981;3;19;2;37;48
06/05/1981;41;17;38;43;47
29/04/1981;40;13;29;41;42
23/04/1981;9;34;17;1;24
15/04/1981;2;33;48;38;7
08/04/1981;45;18;43;24;13
01/04/1981;5;33;24;34;21
25/03/1981;2;18;49;28;47
18/03/1981;44;14;22;39;45
11/03/1981;28;40;3;36;41
04/03/1981;26;19;6;48;34
25/02/1981;29;12;48;13;15
18/02/1981;34;25;5;28;19
11/02/1981;46;24;11;14;28
04/02/1981;43;3;7;13;20
28/01/1981;4;28;29;19;18
21/01/1981;19;28;49;26;47
14/01/1981;34;31;26;38;48
07/01/1981;20;44;41;31;18
31/12/1980;7;16;34;8;39
24/12/1980;15;47;7;10;31
17/12/1980;5;12;44;24;11
10/12/1980;16;40;27;18;11
03/12/1980;22;35;47;40;24
26/11/1980;39;21;40;42;44
19/11/1980;6;13;21;39;37
13/11/1980;40;1;13;7;31
05/11/1980;42;49;21;10;39
29/10/1980;15;3;41;45;37
22/10/1980;46;6;48;36;41
15/10/1980;14;33;29;21;18
08/10/1980;47;3;22;13;5
01/10/1980;44;1;31;32;23
24/09/1980;12;28;31;4;45
17/09/1980;49;4;9;43;12
10/09/1980;31;19;3;20;39
03/09/1980;16;43;28;20;7
27/08/1980;48;24;18;45;36
20/08/1980;20;16;48;39;1
13/08/1980;28;5;32;12;15
06/08/1980;7;40;48;10;6
30/07/1980;3;13;5;11;19
23/07/1980;4;21;11;22;38
17/07/1980;42;17;2;28;4
09/07/1980;14;11;45;29;41
02/07/1980;34;47;36;5;40
25/06/1980;5;25;38;3;31
18/06/1980;7;40;36;11;22
11/06/1980;25;34;9;42;31
04/06/1980;14;18;6;48;27
29/05/1980;7;8;2;25;15
21/05/1980;45;5;44;15;48
14/05/1980;6;46;14;17;37
07/05/1980;22;1;25;14;10
30/04/1980;6;7;9;17;45
23/04/1980;10;14;12;3;42
16/04/1980;6;22;45;21;2
09/04/1980;47;41;12;31;5
02/04/1980;29;41;6;19;26
26/03/1980;18;10;46;35;4
19/03/1980;36;35;32;23;1
12/03/1980;48;38;17;46;9
05/03/1980;48;47;38;25;18
27/02/1980;3;30;19;18;13
20/02/1980;5;1;45;37;49
13/02/1980;43;20;25;39;26
06/02/1980;38;48;19;25;2
30/01/1980;29;28;42;46;19
23/01/1980;31;9;7;39;33
16/01/1980;42;26;43;9;32
09/01/1980;39;46;47;21;9
03/01/1980;26;32;48;39;9
28/12/1979;41;19;24;47;39
19/12/1979;10;26;12;22;4
12/12/1979;8;32;36;37;22
05/12/1979;12;7;27;35;15
28/11/1979;22;40;2;4;43
21/11/1979;28;12;24;4;30
14/11/1979;48;25;24;44;38
07/11/1979;28;45;46;12;40
31/10/1979;3;7;19;28;27
24/10/1979;7;46;33;45;34
17/10/1979;27;39;25;22;41
10/10/1979;4;36;29;28;42
03/10/1979;7;24;28;13;38
26/09/1979;44;6;37;12;3
19/09/1979;8;10;16;12;2
12/09/1979;31;45;17;13;5
05/09/1979;43;13;26;17;30
29/08/1979;8;25;15;16;4
22/08/1979;48;22;31;44;14
16/08/1979;36;42;20;15;47
08/08/1979;47;40;22;21;45
01/08/1979;17;2;29;23;14
25/07/1979;19;23;8;31;47
18/07/1979;13;8;49;36;19
11/07/1979;44;15;41;45;33
04/07/1979;25;1;15;39;4
27/06/1979;7;26;32;19;44
20/06/1979;10;12;3;25;8
13/06/1979;8;21;9;35;4
07/06/1979;3;49;9;48;10
30/05/1979;8;15;48;44;19
23/05/1979;36;42;48;11;5
16/05/1979;27;41;1;23;3
09/05/1979;40;41;49;24;9
03/05/1979;21;36;8;33;17
25/04/1979;13;21;39;37;41
19/04/1979;12;39;35;19;20
11/04/1979;34;2;28;12;7
04/04/1979;12;45;9;1;3
28/03/1979;23;42;14;27;3
21/03/1979;6;42;38;45;46
14/03/1979;25;36;32;20;45
07/03/1979;18;13;43;2;42
28/02/1979;2;20;5;31;11
21/02/1979;41;10;49;43;18
14/02/1979;27;30;18;49;47
07/02/1979;26;24;14;22;23
31/01/1979;4;22;30;26;49
24/01/1979;6;37;36;40;26
17/01/1979;12;37;30;16;19
10/01/1979;40;41;14;18;20
04/01/1979;20;21;47;13;49
28/12/1978;42;2;31;36;1
20/12/1978;48;31;41;49;35
13/12/1978;25;15;7;31;42
06/12/1978;42;30;35;31;44
29/11/1978;32;10;11;49;25
22/11/1978;32;20;47;14;19
15/11/1978;48;38;17;42;8
08/11/1978;6;16;21;3;49
02/11/1978;31;46;39;36;26
25/10/1978;28;34;8;42;20
18/10/1978;41;35;27;16;24
11/10/1978;4;48;14;33;29
04/10/1978;12;21;9;20;8
27/09/1978;48;45;27;47;23
20/09/1978;34;25;4;5;41
13/09/1978;20;48;35;34;8
06/09/1978;2;6;40;48;37
30/08/1978;28;38;21;12;48
23/08/1978;41;21;20;42;46
17/08/1978;45;31;18;27;30
09/08/1978;40;3;18;16;21
02/08/1978;5;3;1;27;17
26/07/1978;17;19;11;34;7
19/07/1978;28;11;16;8;24
12/07/1978;9;15;2;40;25
05/07/1978;46;47;39;29;17
28/06/1978;3;46;41;45;16
21/06/1978;49;11;32;44;20
14/06/1978;12;49;40;10;1
07/06/1978;21;1;43;35;13
31/05/1978;49;14;48;10;29
24/05/1978;7;18;46;47;3
18/05/1978;23;45;49;11;20
10/05/1978;5;4;2;29;8
03/05/1978;17;27;19;40;28
26/04/1978;37;45;29;28;24
19/04/1978;49;17;27;42;40
12/04/1978;36;7;31;46;26
05/04/1978;33;27;7;12;35
30/03/1978;28;15;7;4;24
22/03/1978;43;36;31;29;45
15/03/1978;27;14;13;20;12
08/03/1978;41;7;34;16;40
01/03/1978;45;17;18;46;38
22/02/1978;42;5;37;14;31
15/02/1978;40;4;38;39;24
08/02/1978;10;33;27;5;8
01/02/1978;16;2;37;48;7
25/01/1978;36;1;12;34;37
18/01/1978;23;22;33;27;26
11/01/1978;38;45;4;43;17
04/01/1978;7;36;5;12;37
28/12/1977;11;6;35;23;39
21/12/1977;38;9;28;12;19
14/12/1977;30;12;27;38;41
07/12/1977;37;44;20;42;6
30/11/1977;23;21;38;45;48
23/11/1977;3;15;16;2;37
16/11/1977;1;33;20;28;9
09/11/1977;20;42;35;14;19
03/11/1977;31;47;32;4;38
26/10/1977;38;6;25;34;3
19/10/1977;45;6;11;24;12
12/10/1977;47;27;6;5;42
05/10/1977;4;36;49;7;28
28/09/1977;2;4;33;7;38
21/09/1977;15;27;5;3;19
14/09/1977;9;18;17;3;44
07/09/1977;37;7;32;34;27
31/08/1977;43;34;8;49;32
24/08/1977;5;26;9;49;19
18/08/1977;4;10;29;5;32
10/08/1977;31;30;47;15;45
03/08/1977;23;26;24;18;15
27/07/1977;6;28;48;44;14
20/07/1977;11;7;32;12;30
13/07/1977;44;21;48;36;3
06/07/1977;28;2;37;16;20
29/06/1977;47;38;48;37;1
22/06/1977;42;15;7;19;12
15/06/1977;29;39;8;27;28
08/06/1977;24;43;31;21;37
01/06/1977;32;38;15;2;18
25/05/1977;44;38;20;31;22
18/05/1977;7;20;4;19;44
11/05/1977;28;10;1;23;9
04/05/1977;29;36;49;38;34
27/04/1977;6;30;29;28;44
20/04/1977;30;17;35;7;9
14/04/1977;41;28;26;3;16
06/04/1977;33;18;7;8;25
30/03/1977;19;10;40;41;43
23/03/1977;14;20;22;40;17
16/03/1977;40;21;20;45;44
09/03/1977;3;28;4;9;46
02/03/1977;26;27;6;22;33
23/02/1977;42;43;25;22;34
16/02/1977;11;44;13;37;31
09/02/1977;11;40;28;22;1
02/02/1977;25;23;5;1;41
26/01/1977;21;7;45;12;9
19/01/1977;41;33;2;14;45
12/01/1977;16;15;17;31;8
05/01/1977;36;26;1;34;32
29/12/1976;9;12;32;24;47
22/12/1976;20;36;3;7;1
15/12/1976;26;45;19;9;39
08/12/1976;38;31;12;49;7
01/12/1976;18;26;16;22;28
24/11/1976;20;19;25;5;12
17/11/1976;2;32;44;45;20
10/11/1976;17;3;41;38;30
04/11/1976;46;40;30;9;33
27/10/1976;43;5;40;13;17
20/10/1976;20;26;14;48;33
13/10/1976;36;19;46;2;20
06/10/1976;47;30;38;6;26
29/09/1976;7;15;11;8;35
22/09/1976;35;24;10;36;9
15/09/1976;27;7;39;3;8
08/09/1976;25;30;22;3;38
01/09/1976;27;33;42;8;26
25/08/1976;32;11;7;8;38
18/08/1976;21;9;3;24;34
11/08/1976;8;42;33;31;17
05/08/1976;47;37;25;6;4
28/07/1976;40;49;16;37;35
21/07/1976;15;2;31;19;27
15/07/1976;42;5;29;28;27
07/07/1976;27;32;34;19;45
30/06/1976;10;17;25;35;5
23/06/1976;30;22;11;9;23
16/06/1976;2;3;35;13;1
10/06/1976;44;16;47;10;15
03/06/1976;10;26;42;1;4
19/05/1976;31;15;33;27;36
25/02/2019;7;44;37;48;38
23/02/2019;3;45;13;4;44
20/02/2019;25;29;8;34;15
18/02/2019;18;9;11;33;7
16/02/2019;8;7;25;11;46
13/02/2019;43;41;29;14;7
11/02/2019;43;15;13;48;25
09/02/2019;47;40;45;42;3
06/02/2019;4;15;21;26;22
04/02/2019;40;12;37;24;42
02/02/2019;32;27;5;7;35
30/01/2019;20;47;15;11;30
28/01/2019;37;15;30;6;47
26/01/2019;30;14;12;16;42
23/01/2019;25;17;41;24;38
21/01/2019;17;26;30;47;20
19/01/2019;37;10;39;16;34
16/01/2019;15;11;10;1;31
14/01/2019;35;33;44;1;11
12/01/2019;19;24;11;34;25
09/01/2019;6;19;46;21;15
07/01/2019;1;19;12;31;7
05/01/2019;48;18;40;7;6
02/01/2019;36;12;29;2;26
31/12/2018;43;24;34;27;14
29/12/2018;26;30;42;38;12
26/12/2018;45;9;5;24;11
24/12/2018;10;22;34;43;46
22/12/2018;44;46;31;11;22
19/12/2018;21;3;25;10;11
17/12/2018;2;9;25;35;30
15/12/2018;38;1;3;32;30
12/12/2018;39;21;45;12;44
10/12/2018;8;34;16;13;37
08/12/2018;25;38;11;29;14
05/12/2018;6;19;41;17;18
03/12/2018;1;15;9;19;39
01/12/2018;15;6;3;23;39
28/11/2018;3;38;30;10;15
26/11/2018;36;30;34;14;21
24/11/2018;15;11;5;22;10
21/11/2018;22;45;20;21;23
19/11/2018;33;46;21;20;28
17/11/2018;42;20;27;22;12
14/11/2018;36;41;15;49;48
12/11/2018;13;14;37;21;15
10/11/2018;20;43;18;44;30
07/11/2018;33;27;3;20;6
05/11/2018;9;11;39;29;32
03/11/2018;6;29;8;9;39
31/10/2018;34;14;2;28;38
29/10/2018;9;42;24;43;22
27/10/2018;26;21;36;29;35
24/10/2018;28;45;34;36;9
22/10/2018;10;4;29;19;47
20/10/2018;7;17;31;12;48
17/10/2018;33;13;7;2;41
15/10/2018;8;14;25;19;49
13/10/2018;1;36;45;4;22
10/10/2018;5;24;38;29;4
08/10/2018;46;1;4;23;24
06/10/2018;49;39;8;48;1
03/10/2018;31;24;11;20;32
01/10/2018;6;1;40;7;2
29/09/2018;31;7;15;10;17
26/09/2018;40;18;15;36;10
24/09/2018;12;30;17;8;6
22/09/2018;14;37;39;18;38
19/09/2018;15;42;4;27;25
17/09/2018;43;42;8;15;26
15/09/2018;11;26;1;46;13
12/09/2018;11;33;24;35;4
10/09/2018;27;20;19;46;38
08/09/2018;6;19;22;34;20
05/09/2018;7;39;34;6;15
03/09/2018;18;2;15;1;41
01/09/2018;32;35;11;41;42
29/08/2018;17;45;19;40;31
27/08/2018;40;17;24;18;10
25/08/2018;29;6;15;44;16
22/08/2018;16;42;12;6;40
20/08/2018;15;48;42;18;40
18/08/2018;33;37;31;16;49
15/08/2018;40;21;47;27;6
13/08/2018;10;19;21;2;40
11/08/2018;41;27;44;46;14
08/08/2018;5;19;29;15;24
06/08/2018;30;4;37;32;23
04/08/2018;41;23;9;32;38
01/08/2018;47;15;45;35;17
30/07/2018;33;7;13;41;43
28/07/2018;7;23;13;18;21
25/07/2018;35;27;22;20;30
23/07/2018;7;20;41;40;11
21/07/2018;44;18;9;28;1
18/07/2018;18;26;27;43;35
16/07/2018;36;31;9;16;3
14/07/2018;47;37;45;3;20
11/07/2018;11;46;1;22;42
09/07/2018;9;21;19;36;40
07/07/2018;41;3;34;11;10
04/07/2018;41;23;16;20;45
02/07/2018;48;38;36;45;16
30/06/2018;5;36;23;29;45
27/06/2018;26;11;9;41;8
25/06/2018;14;9;21;13;32
23/06/2018;41;32;49;10;36
20/06/2018;43;33;8;30;6
18/06/2018;34;2;7;13;44
16/06/2018;35;17;8;43;19
13/06/2018;20;48;15;29;49
11/06/2018;44;41;49;25;14
09/06/2018;7;16;5;9;12
06/06/2018;43;5;33;6;47
04/06/2018;8;38;48;16;35
02/06/2018;18;13;31;7;35
30/05/2018;4;44;41;36;33
28/05/2018;35;10;25;21;23
26/05/2018;26;24;2;43;3
23/05/2018;14;29;3;36;25
21/05/2018;20;4;46;16;5
19/05/2018;5;47;30;45;12
16/05/2018;44;37;7;23;41
14/05/2018;40;33;23;1;5
12/05/2018;6;23;9;47;5
09/05/2018;10;23;35;34;5
07/05/2018;43;13;10;23;46
05/05/2018;9;30;47;41;15
02/05/2018;8;1;14;10;21
30/04/2018;43;48;49;36;7
28/04/2018;36;14;40;31;47
25/04/2018;21;23;5;10;36
23/04/2018;2;33;20;29;32
21/04/2018;26;20;2;11;39
18/04/2018;18;11;38;17;46
16/04/2018;16;25;6;21;26
14/04/2018;24;5;49;36;1
11/04/2018;40;46;32;17;1
09/04/2018;1;32;20;28;42
07/04/2018;26;34;10;45;7
04/04/2018;19;40;22;45;36
02/04/2018;28;34;18;13;14
31/03/2018;42;2;41;18;31
28/03/2018;43;39;15;5;45
26/03/2018;27;17;37;10;4
24/03/2018;31;11;44;35;26
21/03/2018;31;45;21;30;29
19/03/2018;20;15;27;46;24
17/03/2018;48;43;36;30;13
14/03/2018;36;46;13;4;3
12/03/2018;27;7;10;38;13
10/03/2018;5;47;23;21;18
07/03/2018;13;6;18;36;37
05/03/2018;44;38;25;17;41
03/03/2018;3;4;8;2;31
28/02/2018;42;5;49;31;28
26/02/2018;13;34;39;42;37
24/02/2018;12;6;9;31;43
21/02/2018;12;41;2;28;16
19/02/2018;32;9;8;29;28
17/02/2018;49;48;14;22;38
14/02/2018;13;3;44;19;5
12/02/2018;27;35;48;3;32
10/02/2018;19;31;2;40;42
07/02/2018;44;13;17;48;33
05/02/2018;7;29;1;30;45
03/02/2018;22;9;23;38;13
31/01/2018;29;26;16;4;49
29/01/2018;11;32;27;36;21
27/01/2018;45;10;9;34;39
24/01/2018;9;37;35;23;28
22/01/2018;31;11;16;1;14
20/01/2018;44;32;27;38;46
17/01/2018;16;25;40;49;4
15/01/2018;15;28;22;2;5
13/01/2018;48;35;20;31;36
10/01/2018;7;49;18;9;16
08/01/2018;8;44;37;43;45
06/01/2018;45;40;17;6;31
03/01/2018;34;44;27;23;4
01/01/2018;7;43;10;9;14
30/12/2017;40;28;35;13;12
27/12/2017;22;6;48;7;14
25/12/2017;3;31;6;10;29
23/12/2017;4;6;44;8;48
20/12/2017;6;11;13;24;10
18/12/2017;11;39;48;10;29
16/12/2017;48;20;15;9;49
13/12/2017;17;49;24;43;28
11/12/2017;47;34;26;43;29
09/12/2017;48;49;10;46;23
06/12/2017;27;12;38;7;30
04/12/2017;43;32;15;23;41
02/12/2017;24;45;39;33;35
29/11/2017;8;20;3;12;13
27/11/2017;36;5;6;39;46
25/11/2017;43;1;48;2;47
22/11/2017;30;1;10;2;39
20/11/2017;6;30;40;43;35
18/11/2017;13;9;17;37;48
15/11/2017;12;10;16;35;14
13/11/2017;30;29;24;3;43
11/11/2017;40;47;48;1;36
08/11/2017;37;41;13;26;2
06/11/2017;30;45;49;27;48
04/11/2017;23;7;38;35;6
01/11/2017;18;8;26;9;32
30/10/2017;32;42;12;44;34
28/10/2017;22;12;47;5;29
25/10/2017;9;3;19;41;43
23/10/2017;12;21;47;44;25
21/10/2017;2;42;6;20;21
18/10/2017;5;13;25;12;24
16/10/2017;39;48;30;5;32
14/10/2017;18;20;38;43;47
11/10/2017;44;48;6;29;15
09/10/2017;47;30;6;15;3
07/10/2017;41;44;8;37;46
04/10/2017;45;34;20;30;1
02/10/2017;1;11;28;12;20
30/09/2017;16;44;3;38;27
27/09/2017;13;10;16;42;35
25/09/2017;37;16;17;33;34
23/09/2017;15;33;22;19;37
20/09/2017;37;6;4;17;22
18/09/2017;12;25;37;29;34
16/09/2017;37;46;4;18;16
13/09/2017;18;45;4;25;33
11/09/2017;23;42;48;45;12
09/09/2017;44;13;19;15;39
06/09/2017;49;46;28;19;39
04/09/2017;33;6;27;1;35
02/09/2017;10;14;1;40;18
30/08/2017;29;26;7;12;47
28/08/2017;6;8;20;24;42
26/08/2017;10;40;35;32;38
23/08/2017;32;23;16;1;4
21/08/2017;8;36;43;27;14
19/08/2017;39;8;40;21;7
16/08/2017;31;29;25;19;41
14/08/2017;13;15;39;2;9
12/08/2017;13;36;41;15;5
09/08/2017;32;38;36;31;49
07/08/2017;38;24;42;21;14
05/08/2017;3;25;30;13;37
02/08/2017;34;30;9;12;32
31/07/2017;45;37;47;25;31
29/07/2017;24;41;45;23;10
26/07/2017;13;44;35;3;25
24/07/2017;14;11;38;21;35
22/07/2017;40;30;16;5;28
19/07/2017;16;26;6;8;9
17/07/2017;40;41;5;33;16
15/07/2017;34;37;24;48;29
12/07/2017;3;16;31;43;18
10/07/2017;23;43;17;21;18
08/07/2017;9;30;46;43;31
05/07/2017;18;29;17;34;8
03/07/2017;48;8;10;28;2
01/07/2017;26;47;16;33;21
28/06/2017;48;30;37;29;9
26/06/2017;1;49;5;29;38
24/06/2017;48;27;23;35;24
21/06/2017;12;22;34;18;39
19/06/2017;25;43;18;47;40
17/06/2017;26;25;40;14;39
14/06/2017;44;43;49;41;31
12/06/2017;5;29;4;7;27
10/06/2017;49;34;37;36;8
07/06/2017;22;43;36;40;21
05/06/2017;49;12;17;41;21
03/06/2017;23;45;36;34;44
31/05/2017;1;36;9;41;27
29/05/2017;40;43;39;41;1
27/05/2017;9;8;28;40;17
24/05/2017;17;22;18;8;30
22/05/2017;27;21;22;7;31
20/05/2017;33;31;28;34;42
17/05/2017;25;44;6;30;22
15/05/2017;22;13;1;27;5
13/05/2017;16;13;9;28;47
10/05/2017;30;22;20;43;12
08/05/2017;33;7;47;22;43
06/05/2017;27;41;34;6;45
03/05/2017;20;15;27;46;6
01/05/2017;18;46;37;16;35
29/04/2017;48;37;46;44;34
26/04/2017;27;6;8;14;16
24/04/2017;7;42;28;45;41
22/04/2017;17;21;31;1;46
19/04/2017;47;39;38;41;48
17/04/2017;8;36;46;4;33
15/04/2017;28;29;41;40;49
12/04/2017;48;18;3;28;40
10/04/2017;11;3;20;14;1
08/04/2017;17;44;18;45;29
05/04/2017;10;40;42;20;6
03/04/2017;34;16;44;3;9
01/04/2017;46;2;44;9;25
29/03/2017;35;14;10;26;25
27/03/2017;2;49;9;38;18
25/03/2017;2;5;8;43;49
22/03/2017;43;25;28;2;11
20/03/2017;42;39;28;13;40
18/03/2017;33;18;1;30;6
15/03/2017;25;5;46;36;31
13/03/2017;16;21;34;48;24
11/03/2017;1;39;31;13;42
08/03/2017;40;16;46;42;47
06/03/2017;26;10;6;41;3
25/12/2018;44;20;31;5;36
22/12/2017;21;29;10;34;20
11/02/2019;41;1;18;16;13
;46;13;48;2;22
10/08/2019;46;17;36;35;18
10/06/2019;11;30;44;13;20
10/03/2019;49;44;31;33;40
10/01/2019;13;42;40;48;3
10/09/2019;36;23;24;31;32
10/06/2019;19;30;5;18;35
10/04/2019;16;48;18;24;6
10/12/2019;27;16;12;37;10
10/09/2019;14;39;17;44;36
10/07/2019;19;4;2;35;11
10/05/2019;30;2;38;16;31
10/02/2019;33;37;32;35;49
;43;2;33;23;47
09/08/2019;18;15;12;19;40
09/05/2019;7;1;26;22;15
09/03/2019;36;20;42;34;29
09/01/2019;15;42;41;44;8
09/08/2019;16;6;36;5;3
09/06/2019;42;35;31;32;13
09/04/2019;28;23;18;26;19
09/11/2019;35;19;6;27;14
09/09/2019;42;2;44;28;5
09/07/2019;16;12;27;30;2
09/04/2019;25;2;4;7;35
09/02/2019;6;2;44;33;21
08/01/2019;47;21;25;19;38
08/08/2019;14;25;47;7;42
08/06/2019;4;21;46;27;47
08/04/2019;23;31;15;38;17
08/01/2019;17;3;38;1;25
08/09/2019;14;31;7;28;2
08/07/2019;1;21;28;8;37
08/04/2019;45;17;27;48;34
08/12/2019;31;30;9;20;34
08/10/2019;37;4;12;9;18
08/07/2019;26;28;36;29;5
08/05/2019;5;45;22;26;33
08/03/2019;10;4;5;23;7
07/01/2019;32;18;8;36;30
07/09/2019;6;29;3;47;21
07/07/2019;25;28;39;47;31
07/04/2019;39;25;10;32;40
07/02/2019;28;37;44;11;7
;21;17;29;35;18
07/07/2019;26;4;27;47;28
07/05/2019;10;1;19;13;3
07/03/2019;27;18;49;37;48
07/10/2019;7;21;29;35;47
07/08/2019;26;11;38;20;33
07/06/2019;13;6;2;27;12
07/03/2019;39;38;8;31;45
07/01/2019;38;23;41;3;17
06/09/2019;46;42;1;4;3
06/06/2019;4;47;43;30;7
06/04/2019;33;16;1;32;45
06/02/2019;13;20;10;25;27
06/09/2019;45;46;4;36;18
06/07/2019;20;49;31;12;13
06/05/2019;2;13;20;30;37
06/12/2019;25;31;45;38;3
06/10/2019;9;24;18;49;39
06/08/2019;14;41;9;10;45
06/05/2019;28;47;26;38;17
06/03/2019;42;12;9;41;33
06/01/2019;35;26;13;45;20
05/09/2019;36;48;14;13;6
05/07/2019;33;13;28;18;42
05/05/2019;42;47;2;13;43
05/02/2019;1;48;27;49;37
;32;14;43;29;41
05/08/2019;19;4;10;42;46
05/05/2019;38;44;46;27;42
05/03/2019;15;24;37;40;41
05/11/2019;24;44;34;19;45
05/08/2019;2;16;4;20;35
05/06/2019;23;38;5;24;35
05/04/2019;38;18;3;24;29
05/01/2019;26;48;25;16;34
04/09/2019;33;43;39;6;29
04/07/2019;27;17;26;25;33
04/04/2019;3;11;35;13;15
04/02/2019;39;7;21;29;5
;4;30;15;49;45
04/07/2019;29;17;34;48;8
04/05/2019;32;44;40;17;38
04/03/2019;17;9;1;24;46
04/10/2019;22;23;14;42;16
04/08/2019;24;9;26;15;13
04/06/2019;19;26;13;27;24
04/03/2019;16;38;18;45;10
04/01/2019;32;14;35;46;11
;15;44;41;3;2
03/07/2019;49;45;25;10;19
03/05/2019;46;47;23;22;24
03/03/2019;12;1;40;28;26
;13;3;21;2;40
03/08/2019;38;23;45;24;44
03/06/2019;33;19;1;31;22
03/03/2019;29;5;20;8;32
03/11/2019;25;24;16;6;5
03/09/2019;32;47;43;35;15
03/06/2019;14;23;15;44;46
03/04/2019;4;15;11;36;33
03/02/2019;46;42;38;25;16
02/07/2019;14;1;34;19;4
26/02/2025;44;11;3;15;17
24/02/2025;32;5;13;38;46
22/02/2025;28;30;23;39;25
19/02/2025;42;23;16;32;28
17/02/2025;40;3;14;20;34
15/02/2025;48;42;13;49;6
12/02/2025;1;37;41;30;23
10/02/2025;39;44;12;29;2
08/02/2025;49;26;11;43;42
05/02/2025;14;8;24;28;5
03/02/2025;29;48;32;27;44
01/02/2025;34;46;11;30;36
29/01/2025;29;41;17;27;19
27/01/2025;24;39;48;3;10
25/01/2025;45;35;44;5;19
22/01/2025;29;36;23;44;38
20/01/2025;19;28;36;40;6
18/01/2025;11;1;4;33;44
15/01/2025;1;22;40;27;28
13/01/2025;31;3;24;41;7
11/01/2025;42;20;6;29;41
08/01/2025;14;34;38;24;26
06/01/2025;3;31;8;16;42
04/01/2025;17;20;9;19;29
01/01/2025;8;11;2;25;21
30/12/2024;13;31;29;1;21
28/12/2024;31;7;37;39;13
25/12/2024;46;6;22;44;13
23/12/2024;22;17;38;2;13
21/12/2024;41;16;6;28;36
18/12/2024;8;27;26;46;14
16/12/2024;43;5;26;36;6
14/12/2024;30;22;44;40;24
11/12/2024;28;24;8;43;19
09/12/2024;38;5;9;25;6
07/12/2024;9;21;24;30;28
04/12/2024;40;21;7;34;3
02/12/2024;48;16;22;41;4
30/11/2024;21;4;10;38;19
27/11/2024;15;7;31;35;20
25/11/2024;13;7;37;49;3
23/11/2024;37;33;36;34;20
20/11/2024;35;37;45;48;27
18/11/2024;17;12;3;8;6
16/11/2024;46;5;29;7;19
13/11/2024;9;12;32;39;13
11/11/2024;8;35;46;6;11
09/11/2024;36;12;35;23;26
06/11/2024;26;8;23;15;6
04/11/2024;17;15;16;39;35
02/11/2024;31;49;43;21;1
30/10/2024;4;44;10;29;8
28/10/2024;21;39;43;9;41
26/10/2024;9;17;30;20;11
23/10/2024;27;1;34;44;40
21/10/2024;7;34;19;15;11
19/10/2024;10;2;44;46;45
16/10/2024;1;25;48;21;35
14/10/2024;42;18;47;41;20
12/10/2024;35;33;43;6;37
09/10/2024;5;26;22;31;33
07/10/2024;49;26;5;7;1
05/10/2024;30;16;7;13;43
02/10/2024;2;10;4;49;12
30/09/2024;1;33;49;24;17
28/09/2024;47;39;4;42;45
25/09/2024;5;25;10;6;1
23/09/2024;9;40;28;27;7
21/09/2024;32;30;4;2;19
18/09/2024;2;44;42;47;23
16/09/2024;27;31;48;30;17
14/09/2024;15;32;11;49;6
11/09/2024;28;30;10;39;24
09/09/2024;18;8;41;17;3
07/09/2024;48;43;31;9;15
04/09/2024;4;2;26;22;40
02/09/2024;27;12;26;6;5
31/08/2024;43;18;28;40;14
28/08/2024;42;30;11;33;37
26/08/2024;6;28;3;12;24
24/08/2024;13;29;30;20;36
21/08/2024;3;20;15;31;19
19/08/2024;10;18;20;19;28
17/08/2024;3;4;22;48;49
14/08/2024;25;17;46;28;23
12/08/2024;16;18;45;38;31
10/08/2024;36;31;37;28;17
07/08/2024;27;47;24;39;46
05/08/2024;24;21;7;31;27
03/08/2024;47;4;2;14;34
31/07/2024;25;3;45;47;49
29/07/2024;20;22;32;34;31
27/07/2024;21;8;28;42;47
24/07/2024;40;11;18;8;47
22/07/2024;49;35;25;27;42
20/07/2024;5;30;16;47;15
17/07/2024;35;40;17;6;47
15/07/2024;4;10;30;38;24
13/07/2024;21;5;6;24;42
10/07/2024;16;3;5;39;11
08/07/2024;7;42;31;8;24
06/07/2024;46;13;47;18;34
03/07/2024;4;1;24;21;42
01/07/2024;22;7;28;6;3
29/06/2024;17;24;30;43;1
26/06/2024;21;10;38;41;25
24/06/2024;48;47;6;45;1
22/06/2024;10;34;25;38;29
19/06/2024;35;11;18;46;30
17/06/2024;28;6;11;46;25
15/06/2024;8;16;42;30;40
12/06/2024;28;3;6;33;13
10/06/2024;47;5;34;28;39
08/06/2024;35;39;18;43;31
05/06/2024;4;6;35;47;7
03/06/2024;9;15;39;49;48
01/06/2024;27;2;48;43;3
29/05/2024;10;19;28;38;37
27/05/2024;41;19;32;42;47
25/05/2024;19;26;42;18;20
22/05/2024;46;23;21;32;20
20/05/2024;12;32;36;6;29
18/05/2024;14;34;37;15;45
15/05/2024;21;16;9;20;15
13/05/2024;26;13;25;12;18
11/05/2024;6;39;24;13;43
08/05/2024;7;34;6;3;36
06/05/2024;1;4;35;39;21
04/05/2024;2;16;19;12;6
01/05/2024;17;42;25;5;15
29/04/2024;49;47;20;3;30
27/04/2024;18;34;27;14;44
24/04/2024;38;25;40;41;39
22/04/2024;48;20;39;8;47
20/04/2024;13;10;22;24;16
17/04/2024;48;6;8;17;24
15/04/2024;24;2;21;36;31
13/04/2024;45;7;29;19;38
10/04/2024;18;1;33;9;39
08/04/2024;2;22;46;21;49
06/04/2024;27;2;36;43;6
03/04/2024;26;46;5;12;36
01/04/2024;9;17;15;12;26
30/03/2024;40;41;28;8;42
27/03/2024;28;45;2;15;23
25/03/2024;37;1;22;26;31
23/03/2024;47;49;20;34;32
20/03/2024;24;46;3;22;32
18/03/2024;36;48;30;20;40
16/03/2024;12;10;37;25;49
13/03/2024;5;29;4;10;13
11/03/2024;18;48;36;16;45
09/03/2024;29;28;25;7;35
06/03/2024;12;8;43;46;49
04/03/2024;25;8;18;27;37
02/03/2024;20;13;27;26;17
28/02/2024;2;38;46;27;43
26/02/2024;7;45;30;8;20
24/02/2024;14;45;37;22;25
21/02/2024;42;22;9;33;45
19/02/2024;35;23;16;42;8
17/02/2024;2;19;13;23;36
14/02/2024;28;15;3;46;36
12/02/2024;36;40;5;30;43
10/02/2024;44;15;37;34;40
07/02/2024;24;13;23;6;34
05/02/2024;36;3;33;34;42
03/02/2024;42;4;23;15;12
31/01/2024;34;2;13;15;31
29/01/2024;27;26;8;9;15
27/01/2024;47;2;14;33;30
24/01/2024;25;9;34;31;32
22/01/2024;32;29;37;20;5
20/01/2024;19;41;42;43;45
17/01/2024;29;8;37;22;39
15/01/2024;11;7;15;23;19
13/01/2024;12;15;21;29;48
10/01/2024;12;28;32;45;38
08/01/2024;6;48;11;49;46
06/01/2024;49;19;22;40;45
03/01/2024;36;1;45;9;14
01/01/2024;4;41;16;13;6
30/12/2023;36;12;7;11;38
27/12/2023;16;41;26;28;13
25/12/2023;9;32;7;47;1
23/12/2023;39;28;26;5;29
20/12/2023;2;3;29;30;31
18/12/2023;30;3;15;41;16
16/12/2023;1;15;12;30;44
13/12/2023;4;19;22;18;7
11/12/2023;25;48;16;12;49
09/12/2023;40;34;36;28;15
06/12/2023;29;1;43;37;27
04/12/2023;41;44;38;8;10
02/12/2023;25;19;12;11;28
29/11/2023;21;30;6;31;10
27/11/2023;19;8;46;26;9
25/11/2023;1;9;19;13;11
22/11/2023;18;45;41;4;17
20/11/2023;30;15;34;46;41
18/11/2023;12;21;48;29;20
15/11/2023;22;7;16;30;2
13/11/2023;46;39;23;45;13
11/11/2023;17;22;35;25;19
08/11/2023;2;49;1;36;14
06/11/2023;18;10;40;34;31
04/11/2023;20;13;46;40;25
01/11/2023;32;46;27;1;16
30/10/2023;30;34;8;1;13
28/10/2023;31;38;22;32;34
25/10/2023;22;12;30;35;33
23/10/2023;10;3;40;26;22
21/10/2023;47;14;28;3;25
18/10/2023;22;13;46;49;3
16/10/2023;6;7;37;25;47
14/10/2023;13;14;27;4;20
11/10/2023;10;16;15;6;24
09/10/2023;9;16;32;30;23
07/10/2023;5;12;42;9;26
04/10/2023;26;21;40;27;31
02/10/2023;6;40;17;15;3
30/09/2023;33;48;25;23;41
27/09/2023;44;14;30;25;17
25/09/2023;4;13;27;46;21
23/09/2023;26;28;40;37;6
20/09/2023;48;19;37;16;29
18/09/2023;5;30;40;35;17
16/09/2023;42;43;32;40;15
13/09/2023;11;27;30;48;49
11/09/2023;31;44;40;13;28
09/09/2023;15;7;3;42;4
06/09/2023;47;30;15;33;4
04/09/2023;27;13;2;11;36
02/09/2023;10;33;47;1;7
30/08/2023;46;31;20;45;39
28/08/2023;9;35;23;37;28
26/08/2023;15;14;21;34;45
23/08/2023;46;29;25;8;34
21/08/2023;3;17;4;36;22
19/08/2023;27;8;32;11;4
16/08/2023;24;41;19;35;27
14/08/2023;44;13;3;27;49
12/08/2023;9;20;44;1;39
09/08/2023;6;31;45;14;3
07/08/2023;11;1;15;48;47
05/08/2023;40;42;2;7;10
02/08/2023;18;12;32;9;23
31/07/2023;1;47;22;33;4
29/07/2023;1;49;29;18;37
26/07/2023;17;49;18;28;11
24/07/2023;12;1;31;45;17
22/07/2023;37;33;42;36;31
19/07/2023;35;5;39;19;11
17/07/2023;47;6;20;9;41
15/07/2023;7;32;42;45;12
12/07/2023;31;18;34;27;26
10/07/2023;14;3;10;44;8
08/07/2023;6;19;48;32;10
05/07/2023;22;8;19;7;15
03/07/2023;42;23;2;8;35
01/07/2023;24;7;18;15;9
28/06/2023;49;34;36;12;42
26/06/2023;14;21;48;16;26
24/06/2023;30;40;3;21;2
21/06/2023;20;35;27;19;12
19/06/2023;39;42;38;29;49
17/06/2023;28;43;29;38;44
14/06/2023;14;9;16;12;33
12/06/2023;12;26;28;19;21
10/06/2023;28;16;11;32;49
07/06/2023;41;28;3;4;23
05/06/2023;3;46;25;10;13
03/06/2023;46;44;37;2;39
31/05/2023;43;9;40;28;13
29/05/2023;12;38;28;24;36
27/05/2023;25;24;31;34;9
24/05/2023;20;11;36;17;28
22/05/2023;43;33;42;22;37
20/05/2023;25;18;3;8;37
17/05/2023;8;2;11;47;40
15/05/2023;12;9;48;7;29
13/05/2023;43;6;25;34;9
10/05/2023;45;12;44;15;9
08/05/2023;43;47;16;39;4
06/05/2023;47;25;42;2;30
03/05/2023;17;23;13;20;45
01/05/2023;15;41;33;44;5
29/04/2023;40;48;36;22;3
26/04/2023;3;18;24;11;14
24/04/2023;41;23;25;1;49
22/04/2023;12;26;48;13;35
19/04/2023;43;41;5;46;34
17/04/2023;3;18;42;13;43
15/04/2023;32;17;15;19;29
12/04/2023;18;26;10;30;15
10/04/2023;45;24;15;10;49
08/04/2023;19;35;48;3;42
05/04/2023;31;33;16;29;39
03/04/2023;49;15;39;31;46
01/04/2023;44;48;17;12;35
29/03/2023;34;1;32;14;11
27/03/2023;1;11;23;41;34
25/03/2023;3;34;29;7;11
22/03/2023;24;38;33;12;20
20/03/2023;38;19;10;26;7
18/03/2023;7;31;8;48;32
15/03/2023;37;20;15;5;17
13/03/2023;47;45;35;42;19
11/03/2023;6;34;14;33;18
08/03/2023;10;7;46;16;35
06/03/2023;24;38;41;18;5
04/03/2023;42;40;35;25;12
01/03/2023;18;39;45;14;21
27/02/2023;5;37;14;6;2
25/02/2023;34;19;3;1;43
22/02/2023;37;35;3;24;31
20/02/2023;35;43;41;22;16
18/02/2023;12;24;1;13;5
15/02/2023;20;24;5;44;28
13/02/2023;20;8;33;27;35
11/02/2023;43;9;15;47;45
08/02/2023;44;24;16;21;34
06/02/2023;32;13;5;21;6
04/02/2023;42;26;31;13;16
01/02/2023;12;48;38;35;9
30/01/2023;35;27;8;30;34
28/01/2023;15;44;5;30;45
25/01/2023;32;26;44;18;21
23/01/2023;28;6;10;35;32
21/01/2023;41;4;45;18;24
18/01/2023;7;35;48;39;11
16/01/2023;5;31;10;19;28
14/01/2023;22;36;40;13;14
11/01/2023;8;16;17;3;47
09/01/2023;38;1;48;30;20
07/01/2023;8;43;7;21;34
04/01/2023;3;5;49;38;25
02/01/2023;49;39;45;41;1
31/12/2022;35;39;16;11;23
28/12/2022;29;1;3;35;8
26/12/2022;6;23;32;49;48
24/12/2022;12;41;47;46;6
21/12/2022;11;22;15;12;21
19/12/2022;43;35;6;31;36
17/12/2022;46;27;42;23;8
14/12/2022;15;37;4;20;6
12/12/2022;46;25;47;2;35
10/12/2022;6;43;29;13;27
07/12/2022;2;12;38;15;10
05/12/2022;36;45;9;24;17
03/12/2022;32;19;34;26;27
30/11/2022;44;18;28;49;30
28/11/2022;24;46;9;2;13
26/11/2022;5;7;28;23;2
23/11/2022;46;36;45;15;19
21/11/2022;45;33;47;15;23
19/11/2022;40;24;19;1;28
16/11/2022;1;8;48;38;3
14/11/2022;28;23;34;44;14
12/11/2022;14;44;34;25;4
09/11/2022;15;2;1;41;30
07/11/2022;24;8;9;40;31
05/11/2022;40;6;38;23;32
02/11/2022;45;7;38;4;26
31/10/2022;34;25;45;44;4
29/10/2022;33;28;48;44;26
26/10/2022;45;30;4;2;23
24/10/2022;43;28;33;37;29
22/10/2022;12;2;25;35;7
19/10/2022;35;16;38;46;25
17/10/2022;38;49;20;16;40
15/10/2022;31;16;27;24;46
12/10/2022;17;44;7;40;39
10/10/2022;19;40;32;13;46
08/10/2022;17;20;48;16;34
05/10/2022;32;23;39;35;14
03/10/2022;20;40;31;7;23
01/10/2022;8;7;35;36;26
28/09/2022;12;39;26;14;29
26/09/2022;29;49;35;18;39
24/09/2022;25;6;32;7;4
21/09/2022;3;12;22;9;37
19/09/2022;5;7;44;15;33
17/09/2022;12;17;1;20;3
14/09/2022;40;10;38;26;45
12/09/2022;4;49;20;7;21
10/09/2022;25;3;8;49;24
07/09/2022;20;35;30;3;29
05/09/2022;5;1;35;27;40
03/09/2022;35;24;44;38;32
31/08/2022;9;39;10;15;45
29/08/2022;5;10;28;34;22
27/08/2022;32;39;22;11;34
24/08/2022;39;42;36;27;22
22/08/2022;39;46;2;9;44
20/08/2022;21;38;17;1;46
17/08/2022;16;5;14;29;17
15/08/2022;34;4;48;42;22
13/08/2022;17;38;37;11;39
10/08/2022;15;35;11;28;9
08/08/2022;41;22;3;37;40
06/08/2022;37;28;23;38;6
03/08/2022;45;10;5;40;32
01/08/2022;38;1;4;23;30
30/07/2022;14;21;24;2;38
27/07/2022;13;43;31;47;46
25/07/2022;26;42;13;7;24
23/07/2022;15;47;39;25;41
20/07/2022;29;21;31;47;17
18/07/2022;18;29;49;37;5
16/07/2022;3;33;4;49;14
13/07/2022;30;48;7;31;46
11/07/2022;10;5;49;47;1
09/07/2022;37;24;34;9;8
06/07/2022;43;16;10;25;44
04/07/2022;18;20;4;12;26
02/07/2022;32;20;22;46;34
29/06/2022;16;47;43;24;26
27/06/2022;34;31;36;24;37
25/06/2022;2;47;40;31;49
22/06/2022;17;40;10;27;23
20/06/2022;27;47;23;48;14
18/06/2022;31;1;12;32;28
15/06/2022;11;37;44;13;21
13/06/2022;44;45;46;43;31
11/06/2022;7;28;4;11;10
08/06/2022;38;33;39;27;26
06/06/2022;20;5;22;23;18
04/06/2022;9;23;17;42;6
01/06/2022;33;4;35;22;2
30/05/2022;22;12;38;13;14
28/05/2022;20;27;21;26;7
25/05/2022;37;30;24;27;45
23/05/2022;30;26;48;41;47
21/05/2022;1;12;41;7;21
18/05/2022;14;23;22;45;36
16/05/2022;21;33;4;14;32
14/05/2022;4;44;29;32;24
11/05/2022;23;45;7;2;46
09/05/2022;6;33;7;9;15
07/05/2022;23;37;38;7;15
04/05/2022;37;30;17;12;41
02/05/2022;46;20;13;47;8
30/04/2022;6;27;5;21;47
27/04/2022;8;13;1;43;31
25/04/2022;31;36;42;23;8
23/04/2022;44;20;11;9;42
20/04/2022;45;46;4;13;33
18/04/2022;10;39;33;9;47
16/04/2022;4;41;30;27;21
13/04/2022;36;29;44;46;35
11/04/2022;32;3;22;18;17
09/04/2022;3;15;13;29;40
06/04/2022;6;20;48;12;38
04/04/2022;23;22;33;36;10
02/04/2022;15;6;11;28;24
30/03/2022;12;34;16;26;10
28/03/2022;16;48;21;5;26
26/03/2022;40;10;37;34;12
23/03/2022;20;2;29;39;18
21/03/2022;10;26;46;35;5
19/03/2022;44;38;33;49;41
16/03/2022;1;49;12;39;24
14/03/2022;11;5;32;49;9
12/03/2022;16;47;33;21;5
09/03/2022;32;8;21;41;25
07/03/2022;8;27;29;15;41
05/03/2022;37;26;36;14;1
02/03/2022;46;4;3;43;22
28/02/2022;43;9;21;36;27
26/02/2022;29;39;28;22;30
23/02/2022;33;15;6;12;14
21/02/2022;2;6;10;32;17
19/02/2022;32;24;49;39;40
16/02/2022;22;24;41;21;32
14/02/2022;26;13;29;15;20
12/02/2022;45;22;28;40;37
09/02/2022;44;48;31;46;21
07/02/2022;37;15;18;31;46
05/02/2022;48;31;24;11;38
02/02/2022;11;37;49;28;40
31/01/2022;25;32;31;36;10
29/01/2022;42;29;25;46;8
26/01/2022;14;16;33;38;45
24/01/2022;15;38;7;4;40
22/01/2022;26;3;39;17;30
19/01/2022;44;27;41;8;43
17/01/2022;4;27;5;15;22
15/01/2022;19;10;30;13;47
12/01/2022;23;20;1;26;44
10/01/2022;14;43;34;41;35
08/01/2022;22;42;43;17;25
05/01/2022;17;45;30;32;6
03/01/2022;33;36;34;38;22
01/01/2022;30;36;14;6;39
29/12/2021;21;18;33;49;48
27/12/2021;32;20;6;12;14
25/12/2021;6;25;48;21;37
22/12/2021;41;20;46;11;24
20/12/2021;22;23;12;47;25
18/12/2021;10;46;2;31;38
15/12/2021;34;47;11;37;38
13/12/2021;23;38;36;18;19
11/12/2021;16;45;34;42;26
08/12/2021;28;26;1;30;16
06/12/2021;29;16;36;7;15
04/12/2021;23;18;34;5;44
01/12/2021;26;18;3;49;46
29/11/2021;30;26;35;44;31
27/11/2021;25;28;46;12;27
24/11/2021;14;34;39;24;47
22/11/2021;19;12;8;41;16
20/11/2021;44;9;18;17;42
17/11/2021;37;40;36;4;43
15/11/2021;34;7;8;41;42
13/11/2021;39;13;12;31;26
10/11/2021;31;12;9;40;41
08/11/2021;44;32;11;48;7
06/11/2021;19;2;18;22;4
03/11/2021;7;39;31;38;42
01/11/2021;47;27;26;43;1
30/10/2021;46;11;43;12;30
27/10/2021;41;16;44;27;15
25/10/2021;31;48;43;37;3
23/10/2021;6;36;35;10;48
20/10/2021;26;35;16;22;42
18/10/2021;41;27;36;35;9
16/10/2021;23;15;46;5;37
13/10/2021;21;20;19;43;49
11/10/2021;26;7;1;9;28
09/10/2021;22;29;19;15;34
06/10/2021;44;34;20;8;41
04/10/2021;44;15;5;19;7
02/10/2021;6;46;35;20;8
29/09/2021;6;39;28;13;33
27/09/2021;12;26;31;40;37
25/09/2021;20;35;49;18;16
22/09/2021;5;40;13;14;9
20/09/2021;12;10;45;15;31
18/09/2021;39;38;21;2;9
15/09/2021;48;22;4;30;27
13/09/2021;4;30;24;21;40
11/09/2021;5;3;49;33;15
08/09/2021;7;34;27;12;15
06/09/2021;3;31;36;13;40
04/09/2021;41;49;30;45;35
01/09/2021;49;27;32;24;17
30/08/2021;32;34;18;44;3
28/08/2021;48;43;46;11;8
25/08/2021;19;9;29;26;3
23/08/2021;13;22;31;11;21
21/08/2021;46;8;2;19;29
18/08/2021;4;7;12;24;25
16/08/2021;22;27;13;10;49
14/08/2021;4;28;42;49;35
11/08/2021;43;13;21;5;6
09/08/2021;37;43;45;28;38
07/08/2021;7;24;36;6;47
04/08/2021;21;36;22;20;44
02/08/2021;24;44;46;42;7
31/07/2021;22;6;46;7;17
28/07/2021;1;28;3;29;8
26/07/2021;42;5;34;21;37
24/07/2021;24;40;5;31;22
21/07/2021;27;25;6;37;32
19/07/2021;3;28;15;4;2
17/07/2021;31;8;47;11;17
14/07/2021;36;18;38;31;29
12/07/2021;38;31;8;37;30
10/07/2021;43;3;38;42;46
07/07/2021;37;18;8;44;46
05/07/2021;43;36;3;32;45
03/07/2021;33;48;13;2;19
30/06/2021;8;44;6;48;31
28/06/2021;4;28;48;8;15
26/06/2021;37;24;38;13;45
23/06/2021;1;16;6;3;40
21/06/2021;44;21;25;18;47
19/06/2021;3;44;46;27;14
16/06/2021;22;23;35;46;3
14/06/2021;40;12;47;21;19
12/06/2021;9;2;5;29;10
09/06/2021;16;33;41;2;24
07/06/2021;6;28;34;7;11
05/06/2021;45;16;6;37;25
02/06/2021;33;34;25;3;26
31/05/2021;25;3;13;32;47
29/05/2021;32;4;36;44;9
26/05/2021;20;1;22;5;42
24/05/2021;11;44;47;29;7
22/05/2021;9;2;45;19;7
19/05/2021;28;17;41;3;23
17/05/2021;23;42;3;17;47
15/05/2021;7;31;29;24;47
12/05/2021;19;11;22;36;9
10/05/2021;44;12;13;17;27
08/05/2021;41;35;40;6;24
05/05/2021;36;48;46;41;8
03/05/2021;44;8;11;48;37
01/05/2021;27;25;5;34;38
28/04/2021;4;15;10;49;12
26/04/2021;2;34;41;32;8
24/04/2021;41;12;26;42;36
21/04/2021;45;31;6;49;39
19/04/2021;49;17;36;44;27
17/04/2021;38;37;17;34;30
14/04/2021;27;25;20;23;47
12/04/2021;43;14;26;7;11
10/04/2021;9;35;15;8;4
07/04/2021;35;19;9;16;43
05/04/2021;32;22;2;12;15
03/04/2021;17;1;38;2;45
31/03/2021;2;27;24;35;22
29/03/2021;41;28;18;13;38
27/03/2021;16;11;18;8;10
24/03/2021;22;38;28;37;9
22/03/2021;15;6;34;39;24
20/03/2021;42;18;14;4;27
17/03/2021;45;18;46;3;30
15/03/2021;29;38;33;15;41
13/03/2021;47;22;19;4;10
10/03/2021;26;42;33;20;34
08/03/2021;24;8;38;19;40
06/03/2021;11;22;3;13;30
03/03/2021;38;8;41;49;19
01/03/2021;4;14;21;47;8
27/02/2021;4;29;42;43;11
24/02/2021;47;18;41;10;19
22/02/2021;3;37;26;15;24
20/02/2021;21;36;19;39;49
17/02/2021;34;31;35;41;29
15/02/2021;13;22;17;6;12
13/02/2021;13;17;31;28;9
10/02/2021;44;13;29;15;33
08/02/2021;19;10;9;29;5
06/02/2021;44;42;15;9;47
03/02/2021;17;31;26;37;21
01/02/2021;1;18;45;17;21
30/01/2021;17;5;33;9;37
27/01/2021;27;44;25;23;6
25/01/2021;13;31;49;7;3
23/01/2021;1;19;13;24;48
20/01/2021;21;11;22;40;32
18/01/2021;5;43;10;48;25
16/01/2021;44;20;14;22;36
13/01/2021;32;42;30;17;41
11/01/2021;33;46;8;17;1
09/01/2021;49;12;27;11;7
06/01/2021;41;21;32;47;11
04/01/2021;31;39;30;49;19
02/01/2021;5;27;7;24;41
30/12/2020;36;20;13;31;38
28/12/2020;41;34;42;22;1
26/12/2020;31;3;40;35;2
23/12/2020;5;3;39;31;38
21/12/2020;10;31;36;37;44
19/12/2020;30;29;49;23;10
16/12/2020;21;6;41;17;16
14/12/2020;47;48;13;34;2
12/12/2020;14;31;9;45;23
09/12/2020;47;17;48;39;24
07/12/2020;45;27;48;4;38
05/12/2020;34;20;14;35;9
02/12/2020;23;14;40;46;27
30/11/2020;28;9;26;29;18
28/11/2020;9;25;2;47;35
25/11/2020;1;26;14;31;10
23/11/2020;15;20;12;6;1
21/11/2020;49;17;44;5;46
18/11/2020;28;11;14;43;41
16/11/2020;7;47;16;33;42
14/11/2020;40;26;17;24;43
11/11/2020;15;17;10;37;16
09/11/2020;26;18;41;38;5
07/11/2020;45;5;48;42;30
04/11/2020;29;10;16;14;9
02/11/2020;42;43;38;33;31
31/10/2020;22;35;9;28;13
28/10/2020;25;43;30;2;19
26/10/2020;33;7;8;12;22
24/10/2020;8;25;4;12;45
21/10/2020;35;48;33;21;15
19/10/2020;7;35;48;28;25
17/10/2020;28;23;24;9;20
14/10/2020;19;42;32;26;39
12/10/2020;18;7;21;42;11
10/10/2020;48;26;31;47;42
07/10/2020;17;30;6;49;19
05/10/2020;6;22;19;5;9
03/10/2020;31;36;9;33;18
30/09/2020;26;24;49;32;2
28/09/2020;33;22;44;6;35
26/09/2020;4;31;49;8;39
23/09/2020;11;5;25;23;33
21/09/2020;46;41;38;19;16
19/09/2020;33;42;27;46;32
16/09/2020;28;19;49;23;17
14/09/2020;23;49;5;13;32
12/09/2020;16;46;12;21;24
09/09/2020;24;48;20;29;45
07/09/2020;37;35;31;44;14
05/09/2020;22;15;19;24;46
02/09/2020;14;23;21;47;3
31/08/2020;7;16;17;4;11
29/08/2020;23;15;38;21;39
26/08/2020;13;45;4;40;31
24/08/2020;28;18;22;37;19
22/08/2020;7;11;5;32;33
19/08/2020;35;11;13;4;34
17/08/2020;6;1;39;48;40
15/08/2020;5;41;3;42;15
12/08/2020;17;47;30;3;44
10/08/2020;28;38;2;1;11
08/08/2020;35;42;49;4;6
05/08/2020;46;32;22;15;17
03/08/2020;43;48;42;23;30
01/08/2020;17;18;25;38;9
29/07/2020;47;46;7;19;39
27/07/2020;19;24;45;15;25
25/07/2020;18;10;6;15;48
22/07/2020;4;28;38;20;18
20/07/2020;8;42;22;28;26
18/07/2020;11;42;22;34;43
15/07/2020;6;12;4;35;44
13/07/2020;24;3;35;46;2
11/07/2020;32;6;35;28;40
08/07/2020;30;48;37;9;26
06/07/2020;2;11;42;30;35
04/07/2020;23;13;27;44;36
01/07/2020;44;47;5;13;14
29/06/2020;21;29;20;47;46
27/06/2020;1;39;2;6;27
24/06/2020;36;8;31;34;17
22/06/2020;9;36;5;21;39
20/06/2020;8;24;33;38;14
17/06/2020;26;13;10;20;46
15/06/2020;22;49;26;2;47
13/06/2020;25;32;6;5;28
10/06/2020;47;36;20;11;9
08/06/2020;8;22;26;46;2
06/06/2020;14;7;43;44;29
03/06/2020;12;13;26;44;16
01/06/2020;24;26;2;36;32
30/05/2020;5;14;42;44;16
27/05/2020;29;6;12;44;31
25/05/2020;9;26;30;42;36
23/05/2020;22;28;3;23;29
20/05/2020;45;14;39;20;47
18/05/2020;20;30;35;14;10
16/05/2020;26;27;41;46;19
13/05/2020;43;4;17;38;49
11/05/2020;34;5;33;3;17
09/05/2020;48;39;29;47;35
06/05/2020;48;36;14;15;10
04/05/2020;39;8;9;33;15
02/05/2020;43;22;12;30;9
29/04/2020;25;29;47;5;7
27/04/2020;41;11;19;29;14
25/04/2020;49;6;24;13;10
22/04/2020;28;30;43;40;41
20/04/2020;37;5;9;7;41
18/04/2020;45;1;33;47;27
15/04/2020;16;1;31;48;3
13/04/2020;42;1;19;23;17
11/04/2020;8;43;1;48;41
08/04/2020;16;9;19;26;6
06/04/2020;23;29;18;35;7
04/04/2020;40;2;35;39;42
01/04/2020;41;48;42;28;3
30/03/2020;21;37;12;17;23
28/03/2020;35;23;26;32;22
25/03/2020;40;45;24;32;34
23/03/2020;28;49;5;48;21
21/03/2020;16;37;8;7;42
18/03/2020;48;10;46;28;29
16/03/2020;44;16;4;40;23
14/03/2020;28;41;38;31;43
11/03/2020;38;45;5;14;46
09/03/2020;26;41;5;33;42
07/03/2020;5;35;37;4;24
04/03/2020;10;17;33;30;49
02/03/2020;42;26;21;39;40
29/02/2020;37;24;19;10;5
26/02/2020;20;6;30;32;45
24/02/2020;20;15;27;9;47
22/02/2020;4;39;26;5;24
19/02/2020;40;16;21;41;46
17/02/2020;44;39;7;41;19
15/02/2020;48;4;25;5;45
12/02/2020;47;38;17;30;43
10/02/2020;15;49;37;25;38
08/02/2020;47;31;12;45;7
05/02/2020;30;21;6;11;29
03/02/2020;49;20;7;31;33
01/02/2020;36;25;22;21;16
29/01/2020;31;30;6;14;45
27/01/2020;27;12;10;7;41
25/01/2020;36;17;30;7;11
22/01/2020;25;28;42;26;12
20/01/2020;13;38;31;30;26
18/01/2020;12;1;33;13;2
15/01/2020;35;19;8;22;46
13/01/2020;16;11;25;32;14
11/01/2020;48;14;2;23;13
08/01/2020;17;44;29;16;37
06/01/2020;49;10;19;26;30
04/01/2020;22;9;43;31;34
01/01/2020;11;7;32;24;4
30/12/2019;12;38;34;32;48
28/12/2019;24;48;49;18;8
25/12/2019;36;40;45;24;15
23/12/2019;37;36;32;20;7
21/12/2019;48;23;27;19;22
18/12/2019;23;6;17;5;7
16/12/2019;38;26;39;35;10
14/12/2019;3;48;17;4;38
11/12/2019;25;33;48;1;40
09/12/2019;1;34;15;24;25
07/12/2019;40;29;44;38;10
04/12/2019;8;30;26;35;40
02/12/2019;39;28;14;11;42
30/11/2019;7;25;17;48;16
27/11/2019;44;2;15;29;18
25/11/2019;44;41;35;33;38
23/11/2019;4;27;28;9;22
20/11/2019;22;23;7;30;37
18/11/2019;31;44;6;15;12
16/11/2019;10;49;30;12;29
13/11/2019;22;13;10;35;19
11/11/2019;28;14;27;13;25
09/11/2019;26;24;6;18;29
06/11/2019;43;27;23;44;42
03/04/2017;28;14;37;32;4
03/01/2017;33;31;16;46;20
02/07/2017;3;37;16;17;47
02/05/2017;40;32;43;11;48
02/02/2017;17;25;22;35;43
;20;29;43;41;15
02/08/2017;32;23;49;1;3
02/05/2017;8;16;21;14;24
02/03/2017;5;16;39;44;18
02/11/2017;37;17;29;15;1
02/08/2017;17;33;37;40;19
02/06/2017;19;31;33;40;30
02/04/2017;32;22;1;35;37
02/01/2017;45;24;17;46;9
;4;22;40;23;32
01/08/2017;6;5;10;2;26
01/05/2017;10;19;20;28;4
01/03/2017;15;5;17;49;31
01/01/2017;40;36;32;8;31
01/08/2017;48;29;34;5;47
01/06/2017;35;32;14;37;26
01/04/2017;19;18;44;37;16
01/11/2017;30;13;28;22;19
01/09/2017;21;16;6;42;2
01/07/2017;33;46;24;21;22
01/04/2017;17;36;16;26;38
01/02/2017;31;38;11;19;40
12/01/2016;45;49;43;33;4
12/08/2016;34;35;16;39;15
12/06/2016;3;16;27;29;37
12/04/2016;22;48;7;20;35
12/01/2016;25;42;17;39;22
12/09/2016;17;40;41;26;3
12/07/2016;13;5;16;32;2
12/04/2016;10;9;44;14;46
12/12/2016;12;14;11;6;36
12/10/2016;41;43;27;24;28
12/07/2016;5;44;7;2;45
12/05/2016;29;30;23;6;26
12/03/2016;11;13;38;4;44
;9;33;31;3;40
11/08/2016;41;45;20;10;38
11/06/2016;9;21;44;6;11
11/03/2016;47;7;25;2;12
11/01/2016;7;18;12;45;3
11/09/2016;34;48;41;46;36
11/06/2016;37;48;1;26;24
11/04/2016;41;6;14;16;26
11/12/2016;29;11;19;16;2
11/09/2016;3;22;47;14;8
11/07/2016;1;46;21;6;31
11/05/2016;16;42;21;6;34
11/02/2016;26;1;49;7;14
10/01/2016;11;35;16;29;41
10/09/2016;21;36;44;26;14
10/06/2016;1;46;20;40;35
10/04/2016;18;29;36;17;23
10/02/2016;29;41;3;43;35
10/09/2016;32;28;29;26;38
10/07/2016;8;31;48;39;22
10/05/2016;47;30;41;32;39
10/12/2016;2;19;34;47;23
10/10/2016;18;19;3;48;9
10/08/2016;5;26;28;46;35
10/05/2016;18;28;15;2;43
10/03/2016;46;43;7;22;8
10/01/2016;13;42;8;16;23
09/08/2016;44;46;29;42;45
09/06/2016;4;23;26;19;27
09/04/2016;33;32;31;41;43
09/01/2016;30;15;40;13;20
09/09/2016;41;37;20;18;45
09/07/2016;12;3;4;34;25
09/04/2016;29;18;37;7;47
09/12/2016;6;5;11;13;22
09/10/2016;46;38;29;31;19
09/07/2016;26;34;38;13;42
09/05/2016;43;48;7;42;30
09/03/2016;36;24;45;49;47
08/01/2016;12;26;19;47;10
08/09/2016;44;36;49;25;48
08/07/2016;45;21;2;31;23
08/04/2016;3;4;34;41;42
08/02/2016;21;44;42;12;34
;35;10;28;43;15
08/07/2016;12;21;35;24;40
08/05/2016;16;31;25;27;26
08/03/2016;33;1;9;6;46
08/10/2016;49;30;19;17;7
08/08/2016;1;26;2;36;3
08/06/2016;44;12;7;25;31
08/03/2016;18;27;39;44;24
08/01/2016;45;29;36;42;24
;30;9;22;46;23
07/07/2016;34;7;44;19;8
07/05/2016;3;29;46;5;1
07/03/2016;2;27;33;21;15
;32;1;13;29;46
07/08/2016;29;25;2;39;20
07/06/2016;45;21;46;48;11
07/03/2016;30;28;47;34;7
07/11/2016;36;35;2;25;27
07/09/2016;46;15;6;39;3
07/06/2016;26;38;47;13;16
07/04/2016;12;10;25;22;47
07/02/2016;8;24;31;17;16
06/09/2016;17;22;9;14;48
06/07/2016;22;23;8;41;24
06/05/2016;16;20;19;35;49
06/02/2016;4;27;10;36;5
;38;4;45;13;43
06/08/2016;18;33;10;20;39
06/05/2016;34;2;8;5;33
06/03/2016;28;36;5;21;8
06/11/2016;7;17;22;46;44
06/08/2016;45;6;8;49;33
06/06/2016;23;32;48;47;25
06/04/2016;39;2;16;19;25
06/01/2016;27;35;26;44;22
;6;38;7;13;40
05/08/2016;19;3;1;14;13
05/05/2016;20;12;36;21;4
05/03/2016;41;48;22;26;7
05/01/2016;41;26;23;12;48
05/08/2016;22;1;40;38;49
05/06/2016;36;38;31;6;16
05/04/2016;42;28;30;1;27
05/11/2016;31;44;29;19;15
05/09/2016;24;29;4;11;14
05/07/2016;35;33;42;20;14
05/04/2016;15;7;42;8;24
05/02/2016;47;36;43;48;26
;49;29;2;30;36
04/07/2016;9;36;25;45;44
04/05/2016;39;19;13;18;22
04/03/2016;26;15;22;2;17
;12;15;36;41;13
04/08/2016;47;29;24;38;26
04/06/2016;33;25;36;39;40
04/03/2016;31;49;34;2;4
04/11/2016;34;29;4;26;25
04/09/2016;42;49;39;14;16
04/06/2016;21;19;28;24;44
04/04/2016;36;7;48;11;8
04/02/2016;29;34;18;22;19
;43;20;46;35;23
03/08/2016;26;2;28;4;15
03/06/2016;14;3;20;17;1
03/03/2016;14;19;17;8;5
03/01/2016;3;34;42;37;10
03/09/2016;49;13;4;36;18
03/06/2016;43;18;11;7;9
03/04/2016;19;39;27;14;36
03/12/2016;27;17;9;25;46
03/09/2016;40;22;20;19;41
03/07/2016;11;6;49;41;12
03/05/2016;34;5;14;49;23
03/02/2016;40;48;44;20;34
02/09/2016;13;3;1;24;45
02/07/2016;11;47;13;10;28
02/04/2016;20;18;44;1;49
02/02/2016;23;2;5;48;26
;9;33;34;41;20
02/07/2016;29;17;40;34;2
02/05/2016;37;21;38;4;10
02/03/2016;38;30;27;41;10
02/10/2016;44;46;1;27;48
02/08/2016;30;1;28;39;11
02/06/2016;44;25;2;41;28
02/03/2016;5;44;24;28;25
02/01/2016;18;36;13;40;48
;1;3;31;11;49
01/07/2016;31;44;48;37;32
01/05/2016;12;4;38;10;41
01/03/2016;42;3;15;41;33
;34;21;9;42;31
01/08/2016;2;5;3;10;1
01/06/2016;17;45;26;27;13
01/03/2016;30;11;35;33;3
01/11/2016;41;29;19;43;14
01/09/2016;22;39;4;49;45
01/06/2016;49;22;14;5;2
01/04/2016;34;43;23;15;40
01/02/2016;19;44;37;46;10
;16;2;34;25;1
12/08/2015;10;12;7;20;45
12/06/2015;15;21;20;38;43
12/03/2015;13;17;28;46;42
12/01/2015;11;19;33;41;7
12/09/2015;4;25;42;39;38
12/06/2015;46;41;24;35;22
12/04/2015;31;49;7;20;11
12/12/2015;13;40;2;34;15
12/09/2015;6;34;12;49;10
12/07/2015;22;28;42;37;14
12/05/2015;9;26;47;20;27
12/02/2015;39;9;3;45;10
;27;19;5;35;40
11/08/2015;30;19;37;12;46
11/05/2015;24;18;22;41;7
11/03/2015;47;12;14;37;20
11/01/2015;43;24;12;18;16
11/08/2015;25;23;5;1;47
11/06/2015;28;47;40;12;42
11/04/2015;34;29;47;10;37
11/11/2015;17;1;6;13;15
11/09/2015;25;32;8;37;39
11/07/2015;7;32;4;23;28
11/04/2015;32;11;8;21;15
11/02/2015;21;32;8;48;7
10/01/2015;33;36;48;43;34
10/08/2015;49;2;17;30;5
10/06/2015;17;19;23;4;49
10/04/2015;7;12;39;29;11
10/01/2015;25;35;22;26;31
10/09/2015;36;33;31;48;47
10/07/2015;22;33;14;46;9
10/04/2015;38;20;33;6;35
10/12/2015;1;16;49;3;4
10/10/2015;41;23;15;30;45
10/07/2015;29;27;2;14;28
10/05/2015;27;28;13;31;42
10/03/2015;27;18;8;37;20
;16;18;15;35;26
09/08/2015;23;39;37;36;49
09/06/2015;14;13;4;24;21
09/03/2015;35;49;18;20;31
09/01/2015;42;47;28;27;12
09/09/2015;2;25;43;16;33
09/06/2015;7;34;42;11;17
09/04/2015;3;43;48;37;49
09/12/2015;41;1;30;38;31
09/09/2015;3;19;10;44;41
09/07/2015;5;19;21;32;29
09/05/2015;24;45;14;25;42
09/02/2015;29;6;9;17;28
08/01/2015;12;41;38;1;31
08/09/2015;43;40;2;38;23
08/06/2015;44;26;41;15;37
08/04/2015;6;5;17;42;30
08/02/2015;19;4;20;29;49
08/09/2015;21;6;45;34;38
08/07/2015;29;9;26;36;42
08/05/2015;49;13;6;25;47
08/12/2015;15;43;1;24;8
08/10/2015;37;44;14;12;28
08/08/2015;12;8;11;35;33
08/05/2015;34;10;22;36;9
08/03/2015;48;10;49;1;39
08/01/2015;9;31;24;34;23
07/09/2015;22;2;3;42;36
07/07/2015;14;28;37;41;6
07/05/2015;43;7;5;10;13
07/02/2015;36;30;33;31;24
;31;17;2;24;29
07/08/2015;45;41;37;35;18
07/05/2015;46;2;30;43;14
07/03/2015;22;39;31;37;29
07/11/2015;14;26;4;23;36
07/08/2015;5;39;32;42;20
07/06/2015;17;12;36;35;43
07/04/2015;4;49;38;29;40
07/01/2015;49;5;19;18;38
06/09/2015;14;16;2;12;42
06/07/2015;47;14;42;40;29
06/04/2015;29;49;38;25;41
06/02/2015;35;43;37;24;38
;32;8;3;13;37
06/07/2015;44;30;26;48;41
06/05/2015;35;19;37;22;16
06/03/2015;16;11;29;15;46
06/10/2015;12;46;40;8;19
06/08/2015;41;3;8;9;44
06/06/2015;4;24;29;47;30
06/03/2015;12;18;30;25;47
06/01/2015;3;38;4;49;12
;43;6;30;47;45
05/07/2015;22;32;42;8;29
05/05/2015;44;35;49;15;29
05/03/2015;45;41;12;26;19
;12;10;22;37;41
05/08/2015;38;41;39;2;10
05/06/2015;39;8;22;46;23
05/03/2015;45;22;37;15;6
05/11/2015;49;1;34;28;31
05/09/2015;4;46;8;29;40
05/06/2015;35;32;29;7;34
05/04/2015;14;30;48;8;49
05/02/2015;46;33;30;19;3
04/09/2015;42;20;2;35;49
04/07/2015;15;28;43;41;5
04/05/2015;30;20;29;10;27
04/02/2015;10;43;21;25;45
;10;37;28;15;2
04/08/2015;44;1;49;38;20
04/05/2015;43;6;10;30;39
04/03/2015;41;9;43;48;36
04/11/2015;45;41;5;17;33
04/08/2015;15;36;38;30;2
04/06/2015;31;16;33;17;1
04/04/2015;33;15;23;28;39
04/01/2015;13;21;25;20;41
;4;20;13;10;32
03/08/2015;20;19;40;39;27
03/05/2015;43;10;20;9;17
03/03/2015;48;49;3;1;20
03/01/2015;28;47;41;22;21
03/08/2015;26;15;10;4;30
03/06/2015;35;11;49;7;48
03/04/2015;30;39;3;14;8
03/11/2015;49;2;35;1;36
03/09/2015;35;31;26;34;28
03/07/2015;48;9;18;43;3
03/04/2015;32;16;8;23;34
03/02/2015;17;11;27;48;23
02/08/2015;14;46;5;30;36
02/05/2015;44;47;20;30;29
02/03/2015;40;3;22;4;28
02/01/2015;3;45;47;13;27
02/08/2015;44;21;29;9;25
02/06/2015;36;14;9;1;20
02/04/2015;27;41;38;26;2
02/11/2015;13;40;24;17;45
02/09/2015;40;49;34;27;4
02/07/2015;21;29;7;37;19
02/04/2015;49;9;28;24;35
02/02/2015;17;16;14;1;11
01/01/2015;14;31;46;25;4
01/08/2015;41;12;33;9;16
01/06/2015;18;17;27;35;40
01/04/2015;36;44;21;13;5
01/01/2015;19;6;34;49;42
01/09/2015;25;4;18;7;35
01/07/2015;43;19;30;39;40
01/04/2015;23;18;7;2;21
01/12/2015;20;15;27;13;34
01/10/2015;18;5;33;2;23
01/07/2015;20;29;21;33;7
01/05/2015;37;8;49;31;45
01/03/2015;31;32;12;28;48
12/01/2014;46;43;41;37;34
12/09/2014;30;26;44;27;49
12/07/2014;20;48;34;39;4
12/04/2014;31;36;4;22;18
12/02/2014;34;35;23;16;6
;19;10;26;21;22
12/07/2014;32;46;6;8;13
12/05/2014;23;47;41;42;15
12/03/2014;43;13;10;20;38
12/10/2014;27;11;16;3;8
12/08/2014;10;14;43;32;47
12/06/2014;43;37;20;10;18
12/03/2014;49;26;28;31;11
12/01/2014;43;49;40;48;44
11/09/2014;18;44;2;47;49
11/06/2014;5;34;47;12;20
11/04/2014;18;47;49;32;17
11/02/2014;22;1;44;9;26
11/09/2014;41;18;13;14;29
11/07/2014;23;47;16;48;35
11/05/2014;28;16;39;23;3
11/12/2014;27;13;19;40;23
11/10/2014;24;23;30;6;18
11/08/2014;40;14;46;27;7
11/05/2014;27;24;37;46;1
11/03/2014;34;45;18;44;24
11/01/2014;48;29;2;36;9
10/09/2014;32;18;17;6;29
10/07/2014;13;32;12;28;33
10/05/2014;14;39;24;49;47
10/02/2014;10;19;47;35;33
;30;40;13;21;26
10/08/2014;1;43;24;15;27
10/05/2014;28;9;37;41;46
10/03/2014;29;15;1;12;30
10/11/2014;24;19;10;28;15
10/08/2014;13;4;21;43;23
10/06/2014;20;22;46;40;9
10/04/2014;14;45;29;12;41
10/01/2014;17;42;44;27;16
09/09/2014;41;28;17;4;33
09/07/2014;26;29;9;35;38
09/04/2014;16;49;10;38;25
09/02/2014;44;31;26;1;13
;34;31;25;46;22
09/07/2014;23;18;10;6;3
09/05/2014;16;44;2;10;35
09/03/2014;7;28;27;23;33
09/10/2014;6;16;31;26;40
09/08/2014;1;40;17;43;42
09/06/2014;42;14;15;13;3
09/03/2014;10;38;20;4;13
09/01/2014;42;22;47;16;38
;25;40;30;36;6
08/07/2014;4;44;32;22;14
08/05/2014;26;9;45;31;43
08/03/2014;7;17;29;26;21
;22;33;31;41;15
08/08/2014;24;45;19;1;46
08/06/2014;22;40;23;37;9
08/03/2014;3;18;13;43;28
08/11/2014;36;32;11;46;25
08/09/2014;34;4;5;9;21
08/06/2014;13;41;34;21;15
08/04/2014;16;28;36;24;43
08/02/2014;25;32;4;8;41
;25;7;13;9;8
07/08/2014;45;14;1;42;43
07/06/2014;1;5;43;41;22
07/03/2014;1;32;8;15;24
07/01/2014;21;3;9;27;10
07/09/2014;8;44;29;43;45
07/06/2014;42;3;36;28;49
07/04/2014;21;41;32;38;37
07/12/2014;29;23;22;13;1
07/09/2014;8;6;36;4;34
07/07/2014;31;41;32;14;13
07/05/2014;25;11;7;33;3
07/02/2014;36;27;8;39;47
;47;27;5;24;46
06/08/2014;40;24;22;13;43
06/05/2014;5;4;23;30;41
06/03/2014;40;38;32;4;31
06/01/2014;11;3;30;29;32
06/08/2014;47;13;30;9;18
06/06/2014;5;37;16;42;3
06/04/2014;7;24;18;34;5
06/11/2014;22;9;42;15;32
06/09/2014;47;34;45;35;10
06/07/2014;5;37;45;38;21
06/04/2014;43;36;8;22;3
06/02/2014;41;35;47;26;22
05/01/2014;16;2;28;40;14
05/08/2014;9;26;8;48;46
05/06/2014;3;8;40;39;32
05/04/2014;40;18;39;24;17
05/01/2014;49;9;35;23;1
05/09/2014;49;41;8;9;40
05/07/2014;48;41;37;32;43
05/04/2014;6;25;21;5;33
05/12/2014;43;33;36;12;2
05/10/2014;37;6;15;21;17
05/07/2014;6;46;47;11;1
05/05/2014;28;16;37;19;2
05/03/2014;16;5;41;11;36
;32;35;19;23;43
04/08/2014;45;32;19;49;36
04/06/2014;2;38;43;14;3
04/03/2014;3;30;10;29;39
04/01/2014;27;9;38;18;20
04/09/2014;22;40;21;12;45
04/06/2014;26;25;12;49;8
04/04/2014;11;7;43;45;14
04/12/2014;5;34;42;16;10
04/09/2014;28;14;39;12;38
04/07/2014;23;42;11;31;13
04/05/2014;40;9;22;13;45
04/02/2014;6;41;28;16;34
03/01/2014;28;6;7;32;2
03/09/2014;19;12;28;29;45
03/06/2014;40;47;38;11;21
03/04/2014;18;41;39;21;37
03/02/2014;20;49;14;26;4
03/09/2014;27;19;5;26;28
03/07/2014;8;33;22;45;19
03/05/2014;5;26;30;15;37
03/12/2014;42;36;1;20;25
03/10/2014;43;16;4;6;30
03/08/2014;35;40;6;46;15
03/05/2014;12;1;32;42;31
03/03/2014;41;40;28;21;36
03/01/2014;17;20;15;5;4
02/06/2014;19;41;5;22;33
02/04/2014;18;8;5;21;38
02/02/2014;30;26;48;32;1
02/09/2014;44;32;25;47;27
02/07/2014;20;32;9;23;1
02/05/2014;33;4;12;49;18
02/12/2014;7;16;48;15;10
02/10/2014;18;11;41;45;17
02/08/2014;6;7;39;38;14
02/05/2014;2;48;16;7;41
02/03/2014;44;33;5;1;13
02/01/2014;21;2;48;41;10
01/09/2014;35;8;6;25;2
01/07/2014;46;19;33;1;48
01/05/2014;18;37;17;14;30
01/02/2014;38;42;1;22;40
;10;1;42;40;35
01/08/2014;43;1;37;47;2
01/05/2014;7;20;35;37;30
01/03/2014;33;3;47;29;20
01/11/2014;35;25;18;8;39
01/08/2014;4;42;29;45;14
01/06/2014;30;29;17;13;19
01/04/2014;1;29;45;6;16
01/01/2014;39;37;34;26;6
;20;22;44;41;11
12/08/2013;1;16;20;32;26
12/05/2013;36;23;45;28;24
12/03/2013;34;29;41;37;18
12/01/2013;24;18;19;33;10
12/08/2013;36;46;38;8;30
12/06/2013;36;31;1;37;33
12/04/2013;46;45;8;30;18
12/11/2013;43;4;39;40;27
12/09/2013;45;33;20;24;6
12/07/2013;17;14;2;8;34
12/04/2013;21;34;27;25;29
12/02/2013;33;34;19;40;36
;19;36;20;40;2
11/07/2013;16;12;45;34;11
11/05/2013;27;15;16;4;42
11/03/2013;4;2;48;12;33
;35;28;46;14;18
11/08/2013;36;46;29;3;28
11/06/2013;38;44;20;29;33
11/03/2013;7;38;16;36;47
11/11/2013;42;48;32;12;16
11/09/2013;39;33;12;30;9
11/06/2013;20;40;30;16;6
11/04/2013;13;18;8;24;15
11/02/2013;7;12;4;13;18
;46;48;14;21;35
10/08/2013;44;32;8;14;23
10/06/2013;40;3;35;42;47
10/03/2013;5;11;20;22;10
10/01/2013;25;32;35;17;36
10/09/2013;33;49;44;8;25
10/06/2013;9;12;40;23;14
10/04/2013;21;35;19;15;33
10/12/2013;24;32;22;4;17
10/09/2013;1;26;18;20;12
10/07/2013;16;31;6;46;15
10/05/2013;9;7;14;27;38
10/02/2013;11;21;39;17;6
;10;26;45;15;28
09/08/2013;34;29;45;1;9
09/05/2013;6;2;44;43;12
09/03/2013;2;11;21;1;36
09/01/2013;41;30;17;26;16
09/08/2013;35;26;45;4;40
09/06/2013;6;15;24;38;26
09/04/2013;49;18;28;24;43
09/11/2013;35;13;7;6;23
09/09/2013;22;23;35;3;5
09/07/2013;25;24;44;11;1
09/04/2013;49;6;25;17;42
09/02/2013;46;16;20;41;8
08/01/2013;26;3;2;33;14
08/08/2013;40;23;30;2;33
08/06/2013;49;1;9;14;25
08/04/2013;39;11;5;29;41
08/01/2013;39;12;38;11;26
08/09/2013;40;25;2;3;46
08/07/2013;43;33;32;26;41
08/04/2013;30;22;5;35;17
08/12/2013;4;11;38;28;21
08/10/2013;19;5;41;15;24
08/07/2013;45;33;16;40;3
08/05/2013;24;39;11;6;43
08/03/2013;44;22;33;27;17
07/01/2013;28;31;23;41;8
07/09/2013;4;34;40;35;36
07/07/2013;35;44;29;37;10
07/04/2013;27;37;19;36;44
07/02/2013;12;32;29;7;38
;48;28;9;17;30
07/07/2013;16;8;17;48;31
07/05/2013;34;7;43;33;44
07/03/2013;31;21;37;10;28
07/10/2013;31;37;24;39;14
07/08/2013;44;8;24;25;26
07/06/2013;13;35;30;44;12
07/03/2013;36;2;7;25;39
07/01/2013;5;31;21;37;38
06/09/2013;23;37;8;14;9
06/06/2013;39;16;19;29;12
06/04/2013;29;5;24;19;10
06/02/2013;21;26;37;16;35
06/09/2013;32;22;17;43;19
06/07/2013;38;39;3;17;1
06/05/2013;32;38;26;4;23
06/12/2013;20;40;46;3;44
06/10/2013;13;15;3;35;32
06/08/2013;19;33;29;32;17
06/05/2013;27;41;23;25;4
06/03/2013;14;4;38;34;25
06/01/2013;21;30;8;7;6
05/09/2013;34;41;48;23;45
05/07/2013;37;15;9;28;13
05/05/2013;42;7;36;13;40
05/02/2013;3;34;2;17;13
;47;27;25;23;9
05/08/2013;4;5;20;7;17
05/05/2013;32;27;8;13;11
05/03/2013;23;29;40;49;15
05/11/2013;26;49;45;3;16
05/08/2013;13;5;43;25;15
05/06/2013;48;13;15;24;23
05/04/2013;6;13;40;45;15
05/01/2013;7;41;31;32;4
04/09/2013;12;21;39;11;27
04/07/2013;17;26;39;19;9
04/04/2013;1;48;13;6;5
04/02/2013;22;16;11;37;14
;28;24;3;42;9
04/07/2013;38;16;32;12;29
04/05/2013;45;20;21;26;46
04/03/2013;23;43;22;41;33
04/10/2013;9;18;3;45;28
04/08/2013;19;6;38;8;37
04/06/2013;15;29;42;1;33
04/03/2013;36;18;37;42;45
04/01/2013;47;16;10;43;27
;26;10;9;30;34
03/07/2013;21;47;24;49;33
03/05/2013;29;25;14;41;10
03/03/2013;17;11;41;9;24
;37;5;1;49;12
03/08/2013;10;20;18;24;32
03/06/2013;16;5;46;33;38
03/03/2013;13;12;34;41;40
03/11/2013;8;16;44;7;49
03/09/2013;49;4;40;11;22
03/06/2013;28;36;42;26;44
03/04/2013;47;1;45;9;30
03/02/2013;18;38;5;22;30
02/07/2013;25;40;21;34;6
02/05/2013;43;18;17;14;46
02/03/2013;47;36;42;30;45
;6;8;42;27;7
02/08/2013;2;13;19;41;5
02/06/2013;19;34;26;27;4
02/03/2013;39;48;19;46;14
02/11/2013;25;42;1;36;45
02/09/2013;23;5;2;47;4
02/06/2013;40;3;7;33;25
02/04/2013;34;33;18;6;30
02/02/2013;45;33;7;6;34
;41;31;40;11;48
01/08/2013;38;29;20;40;28
01/06/2013;18;39;2;23;34
01/03/2013;11;49;36;9;19
01/01/2013;35;7;32;38;22
01/09/2013;22;23;45;42;9
01/06/2013;27;6;16;24;46
01/04/2013;35;30;10;37;7
01/12/2013;13;48;40;6;37
01/09/2013;30;33;22;29;26
01/07/2013;45;31;15;32;48
01/05/2013;30;46;47;6;45
01/02/2013;33;21;37;22;31
12/01/2012;4;47;21;44;36
12/09/2012;45;7;11;37;23
12/06/2012;3;17;31;5;2
12/04/2012;5;12;32;7;47
12/02/2012;47;1;2;34;24
12/09/2012;5;10;25;19;49
12/07/2012;16;27;39;29;32
12/05/2012;26;24;11;33;41
12/12/2012;37;19;32;36;20
12/10/2012;36;16;4;20;47
12/08/2012;22;47;45;24;28
12/05/2012;28;24;36;45;27
12/03/2012;39;25;16;6;11
12/01/2012;19;25;12;45;44
11/08/2012;16;34;28;4;11
11/06/2012;35;15;48;44;9
11/04/2012;18;21;19;5;28
11/01/2012;10;43;6;4;46
11/09/2012;6;41;16;1;3
11/07/2012;8;6;27;37;33
11/04/2012;29;40;39;46;21
11/12/2012;25;45;20;6;48
11/10/2012;19;46;17;3;43
11/07/2012;34;16;21;2;40
11/05/2012;27;14;37;9;33
11/03/2012;15;11;9;22;36
10/01/2012;29;23;41;16;5
10/09/2012;19;16;46;13;38
10/07/2012;29;2;41;47;10
10/04/2012;30;24;5;40;17
10/02/2012;28;25;24;14;41
;34;14;11;24;41
10/07/2012;19;10;32;20;13
10/05/2012;7;23;11;39;44
10/03/2012;41;49;1;35;16
10/10/2012;16;35;37;3;19
10/08/2012;39;32;24;13;27
10/06/2012;27;1;47;30;39
10/03/2012;16;44;25;26;24
10/01/2012;34;2;40;29;41
09/09/2012;21;18;47;10;7
09/06/2012;42;29;38;12;46
09/04/2012;41;18;40;1;21
09/02/2012;17;23;37;44;25
09/09/2012;49;5;34;27;41
09/07/2012;16;25;14;7;17
09/05/2012;17;21;43;37;15
09/12/2012;32;1;49;12;38
09/10/2012;19;28;43;3;25
09/08/2012;9;22;43;34;15
09/05/2012;37;8;1;26;10
09/03/2012;34;27;22;18;37
09/01/2012;28;5;22;25;13
08/09/2012;20;29;26;11;8
08/07/2012;18;32;40;7;8
08/05/2012;9;13;2;29;10
08/02/2012;14;13;18;33;22
;45;26;33;27;11
08/08/2012;25;26;42;12;2
08/05/2012;13;24;2;15;19
08/03/2012;49;25;12;16;4
08/11/2012;7;1;10;45;44
08/08/2012;32;35;42;11;1
08/06/2012;12;7;10;34;47
08/04/2012;29;49;34;26;25
08/01/2012;33;45;17;30;11
;35;6;38;4;13
07/08/2012;29;4;6;39;7
07/05/2012;17;16;14;32;36
07/03/2012;40;31;38;23;28
07/01/2012;22;3;1;44;40
07/08/2012;26;25;4;28;32
07/06/2012;3;32;6;19;37
07/04/2012;22;44;40;5;41
07/11/2012;23;20;30;21;36
07/09/2012;15;38;41;45;26
07/07/2012;5;30;17;1;44
07/04/2012;13;40;37;17;39
07/02/2012;2;15;7;46;6
;13;45;1;42;12
06/07/2012;22;41;5;1;11
06/05/2012;27;11;40;10;13
06/03/2012;41;12;6;47;27
;36;33;15;41;47
06/08/2012;37;5;7;16;38
06/06/2012;14;31;1;39;27
06/03/2012;33;48;20;8;3
06/11/2012;20;6;16;4;29
06/09/2012;13;25;14;18;20
06/06/2012;21;23;12;24;13
06/04/2012;38;42;35;43;40
06/02/2012;26;9;34;39;22
;9;30;13;17;5
05/08/2012;30;42;38;15;41
05/06/2012;27;47;40;41;29
05/03/2012;19;1;35;49;3
05/01/2012;37;45;23;19;7
05/09/2012;11;23;48;24;42
05/06/2012;21;49;22;15;31
05/04/2012;26;11;3;22;43
05/12/2012;6;34;22;20;19
05/09/2012;36;26;18;41;32
05/07/2012;21;13;26;46;12
05/05/2012;21;10;37;8;11
05/02/2012;35;26;29;3;38
;39;22;32;18;4
04/08/2012;48;22;10;2;37
04/05/2012;44;15;20;30;29
04/03/2012;33;9;34;45;24
04/01/2012;41;3;48;31;18
04/08/2012;34;5;3;20;24
04/06/2012;2;21;13;1;16
04/04/2012;1;22;45;40;3
04/11/2012;49;27;15;29;19
04/09/2012;26;14;31;33;2
04/07/2012;46;19;45;42;47
04/04/2012;36;40;27;38;11
04/02/2012;33;23;3;19;39
03/01/2012;16;25;1;26;2
03/08/2012;15;20;45;17;4
03/06/2012;36;14;49;29;13
03/04/2012;48;8;18;13;11
03/01/2012;8;14;43;37;48
03/09/2012;10;28;4;11;15
03/07/2012;32;14;49;23;13
03/04/2012;13;7;31;36;43
03/12/2012;48;25;16;46;14
03/10/2012;2;40;4;44;37
03/07/2012;6;39;31;22;16
03/05/2012;31;30;28;34;17
03/03/2012;2;24;3;39;27
02/09/2012;14;27;11;17;35
02/07/2012;45;41;33;8;23
02/05/2012;8;7;19;4;27
02/02/2012;43;33;39;11;31
;34;31;9;3;35
02/08/2012;49;48;5;17;47
02/05/2012;11;36;10;22;31
02/03/2012;23;9;22;24;36
02/11/2012;11;12;46;32;36
02/08/2012;27;19;12;37;15
02/06/2012;15;49;24;13;29
02/04/2012;38;32;10;17;9
02/01/2012;16;5;49;43;2
;22;40;1;35;32
01/08/2012;23;12;47;15;18
01/05/2012;2;23;8;30;48
01/03/2012;39;44;48;20;25
01/01/2012;36;23;1;31;17
01/08/2012;21;9;33;13;42
01/06/2012;39;36;29;47;38
01/04/2012;1;38;19;49;29
01/11/2012;9;7;44;36;23
01/09/2012;34;15;26;25;32
01/07/2012;1;6;12;10;8
01/04/2012;10;23;2;43;34
01/02/2012;3;36;30;16;24
12/01/2011;32;35;17;28;2
12/08/2011;39;41;16;31;36
12/06/2011;36;43;42;23;28
12/04/2011;7;10;28;11;12
12/01/2011;27;42;33;45;37
12/09/2011;42;23;13;35;26
12/07/2011;41;9;37;38;34
12/04/2011;42;14;21;33;48
12/12/2011;48;29;1;25;16
12/10/2011;14;43;26;30;28
12/07/2011;32;35;31;48;8
12/05/2011;43;47;38;36;30
12/03/2011;31;6;49;34;26
;29;2;42;49;4
11/08/2011;11;24;1;15;2
11/06/2011;47;31;16;3;39
11/03/2011;39;16;6;10;21
11/01/2011;46;33;31;49;18
11/09/2011;45;37;22;33;34
11/06/2011;37;41;27;17;12
11/04/2011;25;43;18;22;3
11/12/2011;44;48;13;33;12
11/09/2011;17;8;23;12;37
11/07/2011;18;47;11;2;30
11/05/2011;38;2;13;32;20
11/02/2011;2;38;44;35;42
10/01/2011;24;13;47;37;21
10/09/2011;12;17;46;42;38
10/06/2011;35;6;2;3;20
10/04/2011;15;18;17;5;31
10/02/2011;45;44;32;29;6
10/09/2011;38;35;23;3;44
10/07/2011;14;13;18;4;48
10/05/2011;13;37;27;5;39
10/12/2011;12;9;20;30;25
10/10/2011;15;47;16;45;3
10/08/2011;31;44;21;30;22
10/05/2011;20;2;7;42;27
10/03/2011;40;28;27;12;4
10/01/2011;25;38;14;32;15
09/08/2011;16;42;36;3;8
09/06/2011;11;44;33;4;49
09/04/2011;36;4;41;33;40
09/01/2011;40;20;46;19;16
09/09/2011;13;1;27;48;35
09/07/2011;15;40;1;23;2
09/04/2011;14;42;5;16;11
09/12/2011;13;45;18;32;30
09/10/2011;15;1;28;24;10
09/07/2011;13;40;41;3;12
09/05/2011;7;17;22;10;23
09/03/2011;42;41;7;13;47
08/01/2011;7;42;39;9;5
08/09/2011;46;30;12;3;10
08/07/2011;27;21;19;13;45
08/04/2011;3;36;47;4;17
08/02/2011;40;36;38;44;17
;21;40;49;31;22
08/07/2011;8;49;29;45;3
08/05/2011;23;3;8;4;1
08/03/2011;3;13;4;41;5
08/10/2011;28;4;27;29;38
08/08/2011;18;12;1;26;30
08/06/2011;17;13;15;4;39
08/03/2011;20;4;19;17;5
08/01/2011;32;37;43;10;25
;8;41;20;46;12
07/07/2011;6;11;7;5;4
07/05/2011;38;22;3;11;41
07/03/2011;43;32;18;13;46
;26;45;18;23;6
07/08/2011;19;5;38;47;26
07/06/2011;27;35;42;18;37
07/03/2011;4;46;41;12;16
07/11/2011;7;43;23;48;47
07/09/2011;15;4;31;45;44
07/06/2011;9;33;10;24;3
07/04/2011;14;46;31;25;37
07/02/2011;49;11;26;1;7
06/09/2011;38;11;37;1;18
06/07/2011;43;5;14;20;12
06/05/2011;39;43;10;17;6
06/02/2011;33;21;26;28;22
;27;2;23;8;36
06/08/2011;9;12;43;46;33
06/05/2011;47;41;9;37;36
06/03/2011;22;3;18;17;28
06/11/2011;39;32;44;37;5
06/08/2011;20;16;40;11;24
06/06/2011;10;30;45;22;13
06/04/2011;35;4;27;15;3
06/01/2011;30;45;32;25;26
;14;22;47;20;21
05/08/2011;2;5;3;1;43
05/05/2011;14;45;34;27;38
05/03/2011;15;29;38;19;33
05/01/2011;27;15;35;5;14
05/08/2011;27;23;16;17;47
05/06/2011;41;43;9;11;46
05/04/2011;38;31;35;42;3
05/11/2011;45;14;26;28;38
05/09/2011;13;48;3;26;22
05/07/2011;42;28;37;38;3
05/04/2011;44;29;11;7;13
05/02/2011;25;23;4;1;40
;8;49;42;9;2
04/07/2011;5;26;14;28;23
04/05/2011;18;2;21;34;10
04/03/2011;40;21;28;32;8
;15;41;18;17;33
04/08/2011;6;10;22;7;21
04/06/2011;17;35;24;47;6
04/03/2011;38;6;33;43;23
04/11/2011;13;47;22;3;32
04/09/2011;6;20;31;22;41
04/06/2011;12;19;1;32;44
04/04/2011;12;23;37;13;10
04/02/2011;5;24;7;46;35
;15;23;27;43;29
03/08/2011;15;10;16;46;43
03/06/2011;17;26;34;4;30
03/03/2011;13;4;24;21;10
03/01/2011;28;23;3;40;31
03/09/2011;26;10;11;23;1
03/06/2011;23;20;32;7;14
03/04/2011;32;38;36;34;27
03/12/2011;15;34;22;33;16
03/09/2011;9;43;3;29;15
03/07/2011;7;38;23;9;17
03/05/2011;11;45;44;27;31
03/02/2011;20;22;40;2;3
02/08/2011;20;49;40;17;31
02/06/2011;35;24;10;26;48
02/03/2011;5;2;33;21;28
02/01/2011;36;20;21;9;46
02/09/2011;25;2;49;32;1
02/06/2011;44;35;32;8;33
02/04/2011;31;35;40;9;48
02/12/2011;13;38;2;45;4
02/09/2011;15;31;41;27;43
02/07/2011;6;8;49;35;25
02/05/2011;31;22;37;6;1
02/02/2011;27;6;44;23;22
01/01/2011;20;10;13;43;3
01/09/2011;14;33;44;31;12
01/06/2011;23;45;6;48;17
01/04/2011;3;39;6;48;9
01/02/2011;13;27;6;31;8
01/09/2011;36;4;12;13;1
01/07/2011;48;49;36;24;21
01/05/2011;26;43;6;36;29
01/12/2011;41;40;30;28;17
01/10/2011;35;33;40;37;11
01/08/2011;47;34;12;30;31
01/05/2011;27;47;4;5;32
01/03/2011;34;37;10;18;30
01/01/2011;43;49;46;34;11
12/09/2010;47;15;46;29;11
12/07/2010;30;44;42;39;13
12/05/2010;16;30;29;7;10
12/02/2010;8;18;36;1;29
;32;23;9;6;13
12/08/2010;35;41;40;11;22
12/05/2010;37;6;16;28;4
12/03/2010;6;14;49;40;9
12/11/2010;38;3;9;11;28
12/08/2010;19;15;44;4;24
12/06/2010;13;30;33;25;36
12/04/2010;33;12;24;7;15
12/01/2010;34;14;32;31;46
11/09/2010;15;23;16;41;30
11/07/2010;9;43;15;44;10
11/04/2010;32;20;22;47;14
11/02/2010;4;21;17;23;26
;27;12;11;29;1
11/07/2010;30;38;4;9;46
11/05/2010;33;47;14;20;17
11/03/2010;5;17;25;38;29
11/10/2010;47;48;20;39;16
11/08/2010;35;6;9;14;47
11/06/2010;24;19;35;7;42
11/03/2010;46;33;15;6;49
11/01/2010;17;24;28;1;15
;38;35;4;22;14
10/07/2010;32;13;15;46;3
10/05/2010;4;36;40;10;41
10/03/2010;47;49;9;16;14
;13;24;33;18;11
10/08/2010;1;31;38;26;29
10/06/2010;37;22;46;13;1
10/03/2010;33;22;9;44;25
10/11/2010;9;20;35;4;1
10/09/2010;17;43;23;2;26
10/06/2010;33;6;43;25;37
10/04/2010;7;46;31;29;9
10/02/2010;35;13;16;41;7
09/09/2010;41;32;33;25;26
09/07/2010;15;1;23;22;46
09/05/2010;42;5;12;29;21
09/02/2010;37;38;2;14;17
;1;37;25;45;17
09/08/2010;7;43;33;11;1
09/05/2010;40;1;30;8;38
09/03/2010;33;39;25;43;8
09/11/2010;36;41;45;13;7
09/08/2010;24;47;21;44;13
09/06/2010;29;22;17;19;43
09/04/2010;11;42;9;49;15
09/01/2010;20;39;33;21;16
;22;49;28;3;16
08/08/2010;13;16;18;20;19
08/05/2010;39;49;23;19;36
08/03/2010;49;41;9;28;16
08/01/2010;8;44;14;48;29
08/08/2010;49;43;46;27;23
08/06/2010;13;22;40;28;31
08/04/2010;21;27;9;49;11
08/11/2010;7;22;8;26;5
08/09/2010;7;15;18;8;25
08/07/2010;43;6;46;27;5
08/04/2010;32;8;46;22;9
08/02/2010;16;32;44;38;37
07/01/2010;2;25;44;28;8
07/08/2010;25;37;7;10;47
07/06/2010;4;42;37;23;43
07/04/2010;18;43;16;7;33
07/01/2010;43;45;21;3;9
07/09/2010;27;24;16;10;47
07/07/2010;32;28;47;20;22
07/04/2010;48;30;5;26;11
07/12/2010;47;11;15;24;38
07/10/2010;27;32;12;42;30
07/07/2010;20;47;49;26;31
07/05/2010;39;33;43;22;31
07/03/2010;10;46;2;33;28
;14;44;28;18;17
06/08/2010;41;49;42;19;12
06/06/2010;47;16;11;37;7
06/03/2010;16;27;41;1;35
06/01/2010;45;35;24;37;48
06/09/2010;21;23;19;36;49
06/06/2010;40;48;15;9;3
06/04/2010;15;48;23;49;45
06/12/2010;30;43;48;24;15
06/09/2010;14;48;44;24;20
06/07/2010;29;48;42;28;26
06/05/2010;37;43;31;45;22
06/02/2010;43;11;14;23;17
05/01/2010;46;49;32;5;33
05/09/2010;33;21;49;26;46
05/06/2010;47;3;35;22;6
05/04/2010;8;35;29;12;3
05/02/2010;2;48;40;46;17
05/09/2010;24;12;17;38;30
05/07/2010;9;27;26;29;36
05/05/2010;32;31;44;27;9
05/12/2010;28;22;27;14;23
05/10/2010;41;4;35;33;10
05/08/2010;16;29;31;39;1
05/05/2010;10;30;18;27;4
05/03/2010;8;11;12;26;48
05/01/2010;39;28;3;42;6
04/08/2010;34;49;9;25;38
04/06/2010;29;24;4;46;7
04/04/2010;17;34;27;3;41
04/01/2010;24;26;35;9;1
04/09/2010;44;22;17;38;2
04/07/2010;24;42;16;9;32
04/04/2010;9;12;29;2;21
04/12/2010;4;36;11;31;46
04/10/2010;33;13;49;36;22
04/07/2010;28;11;2;33;43
04/05/2010;17;18;36;21;47
04/03/2010;35;39;20;48;42
03/01/2010;46;28;21;39;49
03/09/2010;2;44;41;34;46
03/07/2010;43;42;9;21;46
03/04/2010;28;9;35;8;42
03/02/2010;44;34;25;47;29
;15;36;28;49;2
03/07/2010;46;1;24;18;9
03/05/2010;18;15;1;4;38
03/03/2010;32;37;16;6;8
03/10/2010;36;13;44;1;48
03/08/2010;23;11;43;49;10
03/06/2010;5;18;26;9;36
03/03/2010;17;37;23;25;2
03/01/2010;19;11;8;48;49
02/07/2010;13;40;2;10;35
02/04/2010;45;2;1;27;31
02/02/2010;41;48;18;11;24
;34;49;36;39;23
02/07/2010;23;40;26;22;29
02/05/2010;48;39;24;8;15
02/03/2010;1;7;38;3;14
02/10/2010;6;45;19;12;11
02/08/2010;36;13;24;7;42
02/06/2010;16;37;18;5;34
02/03/2010;44;48;7;30;13
02/01/2010;29;1;39;40;18
;44;26;18;21;47
01/07/2010;10;15;43;45;5
01/05/2010;6;8;31;45;36
01/03/2010;24;39;2;13;48
;13;37;48;45;28
01/08/2010;8;7;22;28;38
01/06/2010;21;38;32;3;33
01/03/2010;31;4;14;37;7
01/11/2010;24;20;31;36;6
01/09/2010;35;4;14;23;46
01/06/2010;19;49;31;44;38
01/04/2010;33;21;41;18;32
01/02/2010;43;5;23;49;17
;21;39;5;2;15
12/08/2009;23;12;15;27;46
12/06/2009;7;6;41;25;16
12/03/2009;24;44;18;17;15
12/01/2009;38;42;28;3;27
12/09/2009;40;15;16;6;9
12/06/2009;39;15;23;49;30
12/04/2009;46;8;26;13;38
12/12/2009;4;30;13;18;39
12/09/2009;1;31;11;22;23
12/07/2009;20;42;43;33;19
12/05/2009;28;22;7;16;39
12/02/2009;10;47;20;28;21
;12;43;7;23;27
11/08/2009;35;37;41;15;39
11/05/2009;14;33;39;15;11
11/03/2009;13;12;3;37;30
11/01/2009;20;33;46;40;12
11/08/2009;24;20;22;19;1
11/06/2009;20;32;36;19;27
11/04/2009;39;16;47;28;24
11/11/2009;41;47;22;17;7
11/09/2009;3;2;29;48;1
11/07/2009;1;41;13;3;18
11/04/2009;33;18;19;22;23
11/02/2009;17;34;23;40;9
10/01/2009;23;39;36;27;30
10/08/2009;8;11;7;37;30
10/06/2009;49;47;42;1;3
10/04/2009;39;28;15;38;27
10/01/2009;10;49;26;15;1
10/09/2009;4;31;11;3;6
10/07/2009;12;49;8;20;16
10/04/2009;6;35;36;42;24
10/12/2009;38;7;48;43;28
10/10/2009;3;38;1;23;16
10/07/2009;4;1;21;12;46
10/05/2009;21;12;20;11;32
10/03/2009;47;15;49;7;9
;33;35;40;5;2
09/08/2009;30;20;16;3;44
09/06/2009;2;37;43;21;25
09/03/2009;24;42;4;47;5
09/01/2009;3;4;38;46;7
09/09/2009;12;27;38;33;19
09/06/2009;40;7;21;25;30
09/04/2009;9;18;43;32;22
09/12/2009;41;11;4;29;7
09/09/2009;1;12;23;22;7
09/07/2009;8;21;4;31;39
09/05/2009;1;37;17;44;20
09/02/2009;17;5;12;6;15
08/01/2009;16;13;1;5;20
08/09/2009;34;7;27;23;19
08/06/2009;44;31;7;38;14
08/04/2009;22;18;33;28;11
08/02/2009;31;21;8;27;29
08/09/2009;35;42;7;33;28
08/07/2009;2;9;17;14;25
08/05/2009;1;41;32;24;27
08/12/2009;6;33;17;34;39
08/10/2009;5;22;31;2;24
08/08/2009;41;20;16;38;2
08/05/2009;40;10;29;20;43
08/03/2009;9;38;18;26;49
08/01/2009;44;10;18;45;22
07/09/2009;16;25;14;35;3
07/07/2009;18;47;7;13;48
07/05/2009;27;40;3;14;33
07/02/2009;24;35;45;28;17
;27;23;44;34;5
07/08/2009;44;14;26;34;9
07/05/2009;4;1;23;14;25
07/03/2009;26;2;20;34;18
07/11/2009;14;17;35;5;42
07/08/2009;16;4;10;6;5
07/06/2009;12;31;32;44;45
07/04/2009;39;4;8;43;27
07/01/2009;34;5;28;13;29
06/09/2009;35;43;9;28;10
06/07/2009;13;4;3;41;6
06/04/2009;17;21;22;16;4
06/02/2009;36;17;42;28;41
;26;27;49;21;33
06/07/2009;3;27;41;8;37
06/05/2009;49;11;41;21;40
06/03/2009;39;16;46;28;24
06/10/2009;45;42;27;49;48
06/08/2009;31;29;41;25;22
06/06/2009;32;46;13;33;15
06/03/2009;46;21;32;26;14
06/01/2009;18;26;47;24;35
;30;25;34;14;10
05/07/2009;7;48;5;3;23
05/05/2009;46;40;6;3;25
05/03/2009;38;13;33;3;25
;35;28;15;3;23
05/08/2009;49;26;35;34;28
05/06/2009;1;2;26;44;7
05/03/2009;38;36;49;39;12
05/11/2009;15;27;48;9;34
05/09/2009;45;28;22;30;20
05/06/2009;48;36;13;20;44
05/04/2009;33;1;23;12;46
05/02/2009;7;15;11;5;23
04/09/2009;4;30;29;26;15
04/07/2009;9;37;21;34;4
04/05/2009;34;23;49;9;20
04/02/2009;2;31;49;33;43
;11;34;38;43;12
04/08/2009;31;20;45;12;32
04/05/2009;23;43;37;12;39
04/03/2009;20;24;30;11;9
04/11/2009;21;5;2;23;19
04/08/2009;46;33;10;34;7
04/06/2009;43;33;48;31;28
04/04/2009;37;41;27;8;45
04/01/2009;37;27;30;22;45
;32;47;45;29;24
03/08/2009;19;26;23;22;27
03/05/2009;10;34;15;33;5
03/03/2009;1;25;10;2;33
03/01/2009;45;32;15;2;39
03/08/2009;42;3;39;20;34
03/06/2009;27;45;35;36;44
03/04/2009;27;18;20;11;38
03/11/2009;4;7;11;22;8
03/09/2009;27;32;5;40;3
03/07/2009;36;15;24;2;22
03/04/2009;7;9;29;25;10
03/02/2009;41;29;14;48;8
02/08/2009;45;14;41;25;16
02/05/2009;15;4;21;30;36
02/03/2009;3;14;34;31;22
02/01/2009;47;21;48;39;40
02/08/2009;28;40;10;23;43
02/06/2009;46;23;29;21;16
02/04/2009;12;24;18;44;16
02/11/2009;35;46;10;1;14
02/09/2009;17;13;31;3;46
02/07/2009;4;16;34;22;49
02/04/2009;20;43;47;27;10
02/02/2009;4;38;12;31;41
01/01/2009;6;31;40;18;36
01/08/2009;40;7;41;38;46
01/06/2009;39;8;13;49;10
01/04/2009;5;40;15;20;28
01/01/2009;32;47;10;35;3
01/09/2009;39;38;7;32;26
01/07/2009;2;46;27;37;5
01/04/2009;5;42;1;19;13
01/12/2009;47;11;29;4;9
01/10/2009;49;40;21;10;44
01/07/2009;37;39;9;33;11
01/05/2009;8;29;36;25;11
01/03/2009;47;22;24;12;38
12/01/2008;11;5;20;30;24
12/09/2008;26;38;14;21;27
12/07/2008;36;47;17;49;37
12/04/2008;33;27;2;41;4
12/02/2008;5;27;2;35;48
;41;46;2;22;26
12/07/2008;49;44;31;13;33
12/05/2008;48;5;15;2;27
12/03/2008;24;38;8;42;31
12/10/2008;41;38;10;35;11
12/08/2008;29;15;1;31;11
12/06/2008;48;2;5;13;24
12/03/2008;26;29;34;42;31
12/01/2008;32;15;19;37;38
11/09/2008;18;36;20;32;22
11/06/2008;49;11;13;25;28
11/04/2008;43;36;31;30;17
11/02/2008;45;12;30;36;20
11/09/2008;34;26;37;41;2
11/07/2008;1;6;19;23;41
11/05/2008;41;10;48;43;22
11/12/2008;45;35;34;40;23
11/10/2008;12;9;21;45;38
11/08/2008;25;35;33;5;22
11/05/2008;47;4;38;15;8
11/03/2008;26;2;23;20;24
11/01/2008;22;4;27;36;45
10/09/2008;43;28;22;41;49
10/07/2008;46;37;44;4;6
10/05/2008;13;11;22;46;19
10/02/2008;11;28;12;48;14
;43;7;48;31;15
10/08/2008;44;35;4;32;39
10/05/2008;49;28;18;20;40
10/03/2008;11;10;41;37;48
10/11/2008;46;22;10;39;20
10/08/2008;24;48;32;41;22
10/06/2008;19;33;41;24;27
13/01/2017;10;12;30;24;6
16/09/2016;23;31;14;7;36
13/05/2016;44;15;42;46;3
13/11/2015;9;39;10;27;1
13/03/2015;20;9;34;13;1
13/02/2015;5;37;32;19;23
13/06/2014;40;48;46;42;3
14/02/2014;44;47;24;8;18
13/12/2013;32;16;6;1;41
13/09/2013;36;7;14;49;19
05/04/2013;32;7;12;14;47
12/10/2012;49;45;13;20;48
13/07/2012;42;27;47;16;49
13/04/2012;36;34;8;15;3
13/01/2012;19;44;22;33;46
13/05/2011;34;16;11;45;39
01/04/2011;29;28;39;45;19
31/12/2010;23;8;30;15;1
24/12/2010;43;38;25;42;21
13/08/2010;32;19;41;29;43
13/11/2009;15;48;21;17;14
13/03/2009;14;12;9;34;6
13/02/2009;37;26;6;8;43
13/06/2008;34;25;37;42;15
29/02/2008;1;49;30;17;15
07/12/2007;25;48;31;26;41
07/09/2007;26;14;1;20;37
13/07/2007;20;15;36;18;24
13/04/2007;4;28;40;31;1
13/10/2006;28;36;38;16;31
26/05/2006;7;25;45;22;32
13/01/2006;28;5;25;9;2
27/10/2005;42;34;32;20;47
13/05/2005;1;19;26;32;20
07/04/2005;35;2;32;40;17
10/02/2005;7;1;13;17;24
02/12/2004;48;14;34;23;19
13/08/2004;10;8;13;33;44
17/04/2004;8;45;7;29;14
23/01/2004;12;30;49;24;48
12/12/2003;1;4;15;25;3
31/10/2003;3;9;10;16;7
03/10/2003;32;3;9;49;36
11/07/2003;10;42;26;15;46
03/07/2003;21;2;6;5;18
13/06/2003;20;18;19;33;49
21/03/2003;31;15;29;22;40
13/12/2002;7;48;33;16;31
22/11/2002;5;20;28;8;49
20/09/2002;38;2;12;16;6
13/09/2002;38;2;24;11;28
13/07/2001;14;29;45;23;9
15/06/2001;31;3;18;48;36
18/05/2001;43;9;12;45;28
13/04/2001;34;44;10;12;14
13/10/2000;9;24;45;31;13
28/05/2000;6;19;46;8;47
14/02/2000;40;1;23;46;42
31/12/1999;1;49;15;6;28
14/02/1999;10;45;39;11;1
13/11/1998;24;38;43;35;5
02/10/1998;22;45;19;10;11
13/03/1998;41;44;27;39;40
20/03/1997;45;11;15;5;22
13/02/1997;17;38;2;11;1
15/05/1996;5;28;47;20;49
14/09/2018;22;45;19;4;30
13/07/2018;49;44;12;13;21
13/04/2018;21;23;38;44;30
13/10/2017;21;39;8;40;37
14/02/2025;9;17;45;46;10
31/12/2024;23;5;45;24;3
13/12/2024;29;2;4;9;27
31/10/2024;18;15;3;19;9
13/09/2024;23;19;45;40;18
05/07/2024;5;7;12;11;3
31/12/2023;30;28;9;10;13
13/10/2023;39;21;7;25;41
15/09/2023;29;2;30;10;46
14/02/2023;35;48;24;12;21
13/01/2023;20;35;6;25;48
07/10/2022;9;16;29;8;40
16/09/2022;48;36;30;34;2
01/07/2022;39;2;1;26;48
13/05/2022;2;45;10;9;27
01/04/2022;13;1;30;10;35
31/12/2021;18;2;11;1;48
13/08/2021;7;40;11;48;41
21/05/2021;11;43;27;2;20
12/02/2021;11;38;31;27;25
31/12/2020;47;21;12;8;6
13/11/2020;43;27;38;44;2
13/03/2020;36;7;19;46;18
14/02/2020;23;5;28;27;10
13/12/2019;19;6;29;8;43
13/09/2019;28;32;10;22;9
14/07/2019;20;8;45;30;26
